OrderID,CustomerID,ProductNames,Quantity,Price,OrderDate,Region
ORD100000,CUST9055,Bookshelf,2,1865.65,2023-03-12,France
ORD100001,CUST1538,Sofa,4,1726.87,2024-03-08,China
ORD100002,CUST6940,Coffee Table,4,760.89,2022-06-20,China
ORD100003,CUST1625,Dresser,5,368.03,2023-05-01,France
ORD100004,CUST9204,TV Stand,1,753.76,2023-07-03,India
ORD100005,CUST6897,Recliner,2,1042.94,2024-07-17,Australia
ORD100006,CUST3475,Coffee Table,6,753.17,2022-06-24,China
ORD100007,CUST6039,Dresser,8,1989.12,2023-04-19,Australia
ORD100008,CUST9930,Coffee Table,8,91.61,2023-12-27,Germany
ORD100009,CUST2570,Sofa,3,1390.53,2023-03-28,France
ORD100010,CUST5997,Dresser,1,1151.16,2024-08-19,Germany
ORD100011,CUST5634,Recliner,6,820.04,2023-03-15,Australia
ORD100012,CUST2994,Bookshelf,3,1364.56,2024-01-20,Canada
ORD100013,CUST5054,Bed Frame,7,996.79,2024-07-09,UK
ORD100014,CUST2127,Bed Frame,9,656.89,2022-07-21,Brazil
ORD100015,CUST9977,Bed Frame,2,1412.07,2022-07-08,Australia
ORD100016,CUST2691,TV Stand,10,1144.04,2022-08-09,Brazil
ORD100017,CUST3222,Coffee Table,7,63.52,2022-04-27,Japan
ORD100018,CUST5433,Bookshelf,9,1677.96,2024-02-19,France
ORD100019,CUST5999,Sofa,9,958.13,2024-03-11,UK
ORD100020,CUST8856,Dining Table,6,959.88,2024-08-30,USA
ORD100021,CUST1149,Office Chair,5,1293.01,2023-03-01,Brazil
ORD100022,CUST3702,Coffee Table,8,1228.95,2024-03-03,Japan
ORD100023,CUST2006,Bed Frame,10,558.19,2023-01-13,India
ORD100024,CUST8727,Recliner,6,1513.69,2022-08-28,Australia
ORD100025,CUST9455,Coffee Table,6,439.92,2022-01-26,Japan
ORD100026,CUST6460,Dresser,5,1469.17,2024-06-07,China
ORD100027,CUST9636,TV Stand,1,1899.69,2022-03-27,USA
ORD100028,CUST8831,Bookshelf,5,1966.25,2023-12-29,Brazil
ORD100029,CUST5190,Recliner,1,1212.05,2023-08-01,France
ORD100030,CUST1699,Coffee Table,6,119.08,2023-03-11,Brazil
ORD100031,CUST6116,Sofa,6,985.53,2023-06-04,China
ORD100032,CUST8436,Wardrobe,3,1657.85,2024-01-30,India
ORD100033,CUST2925,Office Chair,3,702.08,2024-01-11,France
ORD100034,CUST2462,Bookshelf,8,1147.88,2023-11-04,Australia
ORD100035,CUST8548,Sofa,9,341.37,2024-08-18,China
ORD100036,CUST6920,Wardrobe,3,243.41,2022-10-14,Japan
ORD100037,CUST6722,Coffee Table,10,1032.8,2021-12-12,Brazil
ORD100038,CUST3680,Wardrobe,7,1978.13,2023-05-19,Canada
ORD100039,CUST2134,Coffee Table,8,1478.93,2022-12-21,UK
ORD100040,CUST6064,Recliner,6,604.11,2021-11-06,France
ORD100041,CUST9145,TV Stand,8,429.09,2021-12-06,China
ORD100042,CUST7636,Recliner,8,824.99,2023-03-22,Japan
ORD100043,CUST8568,Dresser,4,1422.16,2021-10-15,Australia
ORD100044,CUST7849,Coffee Table,6,1212.83,2024-05-07,USA
ORD100045,CUST4234,Dining Table,4,282.44,2022-03-10,Australia
ORD100046,CUST2815,Recliner,2,126.62,2024-06-02,UK
ORD100047,CUST2355,Coffee Table,3,1128.61,2024-05-17,UK
ORD100048,CUST9924,Coffee Table,8,401.56,2024-07-15,France
ORD100049,CUST2573,Bed Frame,3,175.79,2021-11-28,Japan
ORD100050,CUST2717,TV Stand,4,1996.98,2022-11-15,France
ORD100051,CUST5691,Coffee Table,4,312.14,2023-09-10,USA
ORD100052,CUST2217,Recliner,2,1695.7,2024-05-07,Australia
ORD100053,CUST5558,Bed Frame,3,110.42,2022-06-20,Canada
ORD100054,CUST2298,Recliner,5,1801.96,2023-05-05,Brazil
ORD100055,CUST4959,Dining Table,4,902.08,2022-03-24,Japan
ORD100056,CUST6789,Office Chair,4,1388.19,2022-06-16,China
ORD100057,CUST8455,Office Chair,6,171.3,2024-08-19,France
ORD100058,CUST3691,Bed Frame,10,1046.33,2022-10-25,India
ORD100059,CUST3508,Dresser,1,258.97,2023-05-17,China
ORD100060,CUST3200,Coffee Table,8,1194.08,2024-06-19,France
ORD100061,CUST3907,Dining Table,10,1163.28,2021-10-28,USA
ORD100062,CUST3228,Office Chair,10,939.28,2022-04-30,China
ORD100063,CUST9682,Wardrobe,10,1044.17,2022-08-31,India
ORD100064,CUST2671,Office Chair,2,1629.59,2024-02-02,Germany
ORD100065,CUST4747,Office Chair,9,488.38,2023-04-05,UK
ORD100066,CUST6444,Wardrobe,9,1256.32,2023-08-29,Australia
ORD100067,CUST3516,Bed Frame,6,85.5,2024-07-04,UK
ORD100068,CUST4218,Wardrobe,10,420.2,2022-11-04,UK
ORD100069,CUST7703,TV Stand,7,1803.04,2023-09-27,Germany
ORD100070,CUST2304,Dresser,5,1217.23,2023-04-17,USA
ORD100071,CUST3715,Dining Table,1,318.75,2024-07-27,Germany
ORD100072,CUST3468,Sofa,6,1892.41,2024-09-05,Japan
ORD100073,CUST2119,Bed Frame,6,1130.69,2022-01-08,India
ORD100074,CUST6867,Coffee Table,7,1209.2,2023-06-23,Canada
ORD100075,CUST8775,Bookshelf,9,1615.84,2024-06-30,UK
ORD100076,CUST6700,TV Stand,3,1333.03,2022-02-21,UK
ORD100077,CUST2040,Office Chair,7,1511.48,2023-04-10,France
ORD100078,CUST7393,Coffee Table,9,945.17,2024-09-20,France
ORD100079,CUST2140,Bed Frame,5,1356.29,2024-05-18,USA
ORD100080,CUST7378,Dining Table,4,765.0,2022-03-19,Canada
ORD100081,CUST4023,Office Chair,4,1606.07,2022-10-03,China
ORD100082,CUST9639,Bed Frame,6,1338.61,2023-03-26,Canada
ORD100083,CUST3227,Bed Frame,5,846.17,2024-03-30,Canada
ORD100084,CUST5005,Bookshelf,8,920.62,2022-08-22,UK
ORD100085,CUST2066,Wardrobe,1,775.54,2023-11-10,Australia
ORD100086,CUST9199,Dining Table,10,443.92,2024-03-07,Brazil
ORD100087,CUST4522,Coffee Table,7,190.77,2022-05-21,Germany
ORD100088,CUST3294,Office Chair,8,1097.43,2024-08-15,China
ORD100089,CUST8881,TV Stand,1,1294.75,2023-05-19,Brazil
ORD100090,CUST3193,Recliner,9,338.23,2022-01-27,Germany
ORD100091,CUST2030,Bookshelf,2,1627.9,2023-12-19,UK
ORD100092,CUST3253,Bed Frame,8,174.73,2024-07-02,Australia
ORD100093,CUST7899,Dresser,6,376.88,2022-08-08,Japan
ORD100094,CUST5444,Coffee Table,5,1804.49,2024-08-24,India
ORD100095,CUST1449,TV Stand,9,1598.74,2024-09-11,UK
ORD100096,CUST5479,Wardrobe,3,164.26,2023-12-08,Japan
ORD100097,CUST5369,Office Chair,9,229.56,2024-09-05,Japan
ORD100098,CUST5287,Recliner,10,1058.87,2022-04-28,Japan
ORD100099,CUST4265,Bookshelf,6,663.48,2023-04-15,Canada
ORD100100,CUST9021,Coffee Table,9,897.44,2024-03-18,India
ORD100101,CUST2750,Dining Table,4,292.23,2023-09-07,Canada
ORD100102,CUST2786,Bed Frame,1,766.52,2024-06-09,China
ORD100103,CUST4585,TV Stand,2,830.79,2022-04-15,Australia
ORD100104,CUST1261,Sofa,9,1505.72,2024-06-09,Brazil
ORD100105,CUST8645,Recliner,5,84.14,2023-09-20,Brazil
ORD100106,CUST2280,Dining Table,8,1311.88,2024-04-18,China
ORD100107,CUST2844,Sofa,4,944.8,2021-10-24,France
ORD100108,CUST5674,TV Stand,3,930.57,2023-09-10,Canada
ORD100109,CUST9121,Wardrobe,3,1908.21,2023-09-28,China
ORD100110,CUST2815,Recliner,9,72.71,2023-09-27,Germany
ORD100111,CUST3542,Recliner,2,212.31,2022-01-28,Brazil
ORD100112,CUST9679,Wardrobe,1,94.6,2022-01-16,France
ORD100113,CUST4297,Sofa,6,1819.12,2023-12-28,Germany
ORD100114,CUST6031,Wardrobe,6,919.5,2024-06-29,Brazil
ORD100115,CUST2478,Bed Frame,9,609.47,2024-09-08,UK
ORD100116,CUST8323,TV Stand,9,660.27,2024-03-29,Australia
ORD100117,CUST8551,Recliner,10,1670.44,2023-07-31,China
ORD100118,CUST5285,Sofa,4,1981.76,2022-08-22,Germany
ORD100119,CUST7213,Wardrobe,5,1413.52,2024-08-20,Australia
ORD100120,CUST9373,Bed Frame,2,1754.45,2024-07-24,Brazil
ORD100121,CUST3361,Bed Frame,3,1833.27,2022-03-18,Canada
ORD100122,CUST5013,TV Stand,3,1086.39,2021-10-19,India
ORD100123,CUST2746,Wardrobe,10,1065.75,2023-02-25,India
ORD100124,CUST1359,Dresser,9,651.59,2024-04-08,Germany
ORD100125,CUST5408,Coffee Table,6,676.98,2022-02-16,UK
ORD100126,CUST6173,Wardrobe,7,441.45,2022-01-07,China
ORD100127,CUST9340,Dresser,3,1695.08,2022-12-18,Germany
ORD100128,CUST3216,Sofa,5,1051.78,2022-10-26,China
ORD100129,CUST7244,Bookshelf,2,468.08,2024-04-26,UK
ORD100130,CUST4017,Bookshelf,4,1639.21,2023-03-01,Brazil
ORD100131,CUST6035,Wardrobe,8,1975.7,2023-03-06,Canada
ORD100132,CUST4021,Recliner,8,1028.89,2023-09-08,Australia
ORD100133,CUST7660,Coffee Table,1,635.51,2024-06-26,Brazil
ORD100134,CUST6539,Coffee Table,7,610.48,2022-03-13,Japan
ORD100135,CUST5230,Coffee Table,10,904.23,2023-04-21,Japan
ORD100136,CUST7528,Wardrobe,3,272.98,2022-03-19,Brazil
ORD100137,CUST2948,Office Chair,6,851.93,2022-07-23,Australia
ORD100138,CUST8359,Sofa,1,225.99,2023-05-19,Australia
ORD100139,CUST5390,Office Chair,1,385.52,2024-01-12,UK
ORD100140,CUST6476,Bookshelf,1,402.19,2024-07-12,Brazil
ORD100141,CUST2884,Dining Table,1,394.35,2024-05-26,China
ORD100142,CUST6544,Wardrobe,6,1062.32,2022-07-03,China
ORD100143,CUST5803,Office Chair,3,580.91,2022-04-17,China
ORD100144,CUST4549,Dining Table,1,215.16,2023-07-18,Canada
ORD100145,CUST6081,TV Stand,10,1228.16,2024-07-18,USA
ORD100146,CUST1702,Dining Table,8,1862.9,2023-05-27,Canada
ORD100147,CUST1328,Bed Frame,8,1614.17,2023-09-19,UK
ORD100148,CUST7476,Bookshelf,7,160.54,2024-04-15,Canada
ORD100149,CUST1287,Recliner,8,1755.74,2022-08-02,UK
ORD100150,CUST6561,Coffee Table,10,705.8,2022-02-12,China
ORD100151,CUST2610,Coffee Table,6,427.59,2023-04-21,USA
ORD100152,CUST6207,Coffee Table,6,205.61,2023-02-15,India
ORD100153,CUST4919,Sofa,10,1996.68,2024-03-19,Germany
ORD100154,CUST7205,Recliner,6,1944.24,2024-02-25,Japan
ORD100155,CUST7772,Sofa,2,260.21,2024-03-11,India
ORD100156,CUST5912,Sofa,10,1840.0,2023-07-10,India
ORD100157,CUST2045,Sofa,1,283.0,2021-11-02,Japan
ORD100158,CUST9123,Dresser,7,635.5,2022-11-14,Canada
ORD100159,CUST1074,Office Chair,4,1444.4,2022-03-11,USA
ORD100160,CUST6580,Office Chair,8,1227.72,2023-02-08,France
ORD100161,CUST4114,Office Chair,7,1041.77,2022-09-13,Canada
ORD100162,CUST5912,TV Stand,6,1710.25,2022-09-19,Brazil
ORD100163,CUST9327,Sofa,10,1824.63,2024-04-12,USA
ORD100164,CUST9853,Office Chair,5,243.43,2022-08-04,China
ORD100165,CUST2336,Sofa,6,971.21,2022-01-05,India
ORD100166,CUST7116,Office Chair,1,1425.12,2024-07-23,Japan
ORD100167,CUST5248,Sofa,1,1881.13,2024-01-20,USA
ORD100168,CUST1310,Coffee Table,8,158.62,2023-05-23,Japan
ORD100169,CUST3438,Coffee Table,2,1826.86,2022-06-14,Canada
ORD100170,CUST6351,Office Chair,7,675.24,2024-08-09,Australia
ORD100171,CUST8553,Bookshelf,7,1195.91,2023-03-15,USA
ORD100172,CUST7399,Bookshelf,5,606.65,2022-05-25,Australia
ORD100173,CUST9153,TV Stand,6,368.21,2023-09-13,Germany
ORD100174,CUST8100,Bookshelf,10,532.98,2022-02-14,Germany
ORD100175,CUST1306,TV Stand,6,1516.05,2023-02-05,Brazil
ORD100176,CUST7203,Sofa,1,1432.07,2022-10-18,China
ORD100177,CUST5307,Recliner,1,260.07,2024-06-26,Canada
ORD100178,CUST5984,Dining Table,8,1395.61,2021-11-01,Brazil
ORD100179,CUST3693,Coffee Table,3,447.62,2022-10-30,Japan
ORD100180,CUST5631,Sofa,6,732.79,2022-09-04,Japan
ORD100181,CUST6780,Dresser,10,409.0,2022-03-29,China
ORD100182,CUST4500,Bookshelf,8,1813.34,2023-04-16,Australia
ORD100183,CUST3378,Dresser,1,633.96,2024-03-06,Brazil
ORD100184,CUST8740,Bookshelf,5,1067.48,2023-12-23,France
ORD100185,CUST9526,Dining Table,2,643.75,2021-10-22,Brazil
ORD100186,CUST6925,Dining Table,4,1069.77,2024-03-09,China
ORD100187,CUST2068,Bed Frame,4,1519.16,2021-11-03,India
ORD100188,CUST1446,Coffee Table,10,780.26,2024-04-27,Germany
ORD100189,CUST7531,Bookshelf,6,1937.23,2024-09-27,Japan
ORD100190,CUST4924,Wardrobe,6,736.95,2023-09-08,China
ORD100191,CUST5167,Bed Frame,8,114.99,2023-12-30,Canada
ORD100192,CUST9785,Sofa,5,882.23,2022-03-25,USA
ORD100193,CUST8308,TV Stand,2,1703.84,2022-01-09,Germany
ORD100194,CUST3795,Coffee Table,3,1679.27,2023-12-21,France
ORD100195,CUST7467,Dining Table,3,1438.36,2023-04-21,India
ORD100196,CUST9818,Recliner,1,122.66,2022-12-24,China
ORD100197,CUST8871,Bed Frame,10,705.58,2024-09-22,China
ORD100198,CUST8417,Sofa,8,1896.06,2022-03-26,Germany
ORD100199,CUST9624,Bed Frame,1,1605.58,2021-10-18,UK
ORD100200,CUST8185,Coffee Table,7,572.48,2024-03-06,USA
ORD100201,CUST7417,Bookshelf,3,60.82,2022-03-01,France
ORD100202,CUST3192,Office Chair,6,300.7,2024-08-23,Germany
ORD100203,CUST8381,TV Stand,1,750.12,2024-06-04,Germany
ORD100204,CUST2917,Dresser,10,1306.85,2022-06-17,USA
ORD100205,CUST5661,Wardrobe,1,343.69,2024-02-26,UK
ORD100206,CUST8659,Recliner,3,851.43,2024-08-04,Australia
ORD100207,CUST5461,TV Stand,3,1927.07,2021-11-11,India
ORD100208,CUST5952,Coffee Table,9,847.4,2024-05-02,China
ORD100209,CUST5165,Sofa,10,53.13,2024-06-10,USA
ORD100210,CUST8394,Recliner,8,1290.4,2023-02-28,France
ORD100211,CUST5375,TV Stand,5,806.03,2022-06-29,China
ORD100212,CUST4647,TV Stand,3,876.84,2023-08-15,India
ORD100213,CUST3636,Sofa,7,838.75,2021-11-10,USA
ORD100214,CUST7521,Coffee Table,2,1241.47,2022-05-16,Canada
ORD100215,CUST4386,Dining Table,5,99.98,2023-11-10,Canada
ORD100216,CUST7376,Dresser,6,952.12,2022-12-19,India
ORD100217,CUST8819,TV Stand,10,1720.27,2023-01-10,India
ORD100218,CUST2092,Dresser,9,555.83,2022-11-07,Japan
ORD100219,CUST7330,Bookshelf,6,1197.71,2024-03-24,USA
ORD100220,CUST7880,Recliner,8,1267.0,2023-11-19,UK
ORD100221,CUST9474,Bed Frame,3,330.77,2022-11-29,Germany
ORD100222,CUST9119,Wardrobe,7,115.25,2023-08-09,France
ORD100223,CUST6258,Office Chair,8,1913.59,2022-06-19,Japan
ORD100224,CUST7547,Sofa,6,371.23,2024-04-16,USA
ORD100225,CUST1510,Wardrobe,5,545.74,2024-07-11,France
ORD100226,CUST6628,Dresser,4,791.76,2022-05-12,Japan
ORD100227,CUST7788,Sofa,5,235.57,2024-05-30,Germany
ORD100228,CUST1675,Recliner,7,762.36,2021-10-29,UK
ORD100229,CUST2000,Bed Frame,3,335.56,2023-01-18,Japan
ORD100230,CUST5103,Bed Frame,5,1513.05,2023-01-03,Canada
ORD100231,CUST7782,Coffee Table,5,1766.88,2022-05-24,India
ORD100232,CUST9484,Office Chair,2,1761.59,2023-01-25,UK
ORD100233,CUST2678,Sofa,7,1116.49,2022-06-19,Brazil
ORD100234,CUST7063,Bookshelf,10,679.55,2022-10-29,China
ORD100235,CUST4266,Wardrobe,10,1463.42,2023-09-04,Brazil
ORD100236,CUST2056,Wardrobe,1,1578.99,2023-12-30,China
ORD100237,CUST4422,Dining Table,5,1220.84,2022-07-06,Australia
ORD100238,CUST2246,Wardrobe,4,1420.43,2023-11-19,UK
ORD100239,CUST4224,Dining Table,5,506.48,2024-04-06,Japan
ORD100240,CUST8975,Bed Frame,8,1674.33,2024-01-05,India
ORD100241,CUST6838,Dresser,5,1740.59,2021-12-19,France
ORD100242,CUST2981,Bed Frame,10,451.08,2021-11-12,Australia
ORD100243,CUST2928,Office Chair,9,1206.31,2023-09-13,China
ORD100244,CUST3085,Dresser,2,279.48,2023-08-28,Brazil
ORD100245,CUST3682,Office Chair,6,585.03,2024-01-30,UK
ORD100246,CUST7879,Wardrobe,7,98.0,2024-01-20,USA
ORD100247,CUST4208,Dining Table,5,1081.34,2024-02-22,France
ORD100248,CUST2498,Coffee Table,3,263.44,2022-11-05,China
ORD100249,CUST8834,Sofa,3,1577.79,2023-08-15,Japan
ORD100250,CUST7785,TV Stand,1,1537.06,2023-09-18,Germany
ORD100251,CUST1411,Bed Frame,2,1149.01,2023-11-21,USA
ORD100252,CUST2649,Office Chair,9,85.44,2022-10-12,Australia
ORD100253,CUST6840,Sofa,3,837.81,2024-06-05,Brazil
ORD100254,CUST1043,Recliner,1,1562.48,2022-04-28,Australia
ORD100255,CUST4223,Dining Table,2,909.65,2024-07-25,USA
ORD100256,CUST8329,Coffee Table,1,1630.42,2022-08-10,USA
ORD100257,CUST2236,Sofa,8,285.11,2021-10-22,Australia
ORD100258,CUST9076,Bookshelf,4,310.43,2023-09-07,Canada
ORD100259,CUST3536,Sofa,5,756.77,2022-04-14,Germany
ORD100260,CUST1528,Sofa,3,1960.92,2022-11-30,Germany
ORD100261,CUST8849,Coffee Table,4,245.07,2022-04-22,India
ORD100262,CUST5171,TV Stand,7,1231.15,2024-07-19,Germany
ORD100263,CUST8680,Coffee Table,10,783.58,2023-12-11,Brazil
ORD100264,CUST8782,Recliner,5,1063.27,2022-11-08,China
ORD100265,CUST6808,Coffee Table,3,1458.47,2023-02-06,Japan
ORD100266,CUST3749,Wardrobe,3,1150.03,2022-06-11,India
ORD100267,CUST8706,Coffee Table,5,1270.92,2024-07-15,India
ORD100268,CUST7818,Dresser,8,761.33,2022-11-11,India
ORD100269,CUST8254,Coffee Table,9,861.07,2023-01-21,Canada
ORD100270,CUST4088,Dining Table,2,1099.48,2024-01-08,UK
ORD100271,CUST8247,Coffee Table,7,1602.75,2023-07-10,China
ORD100272,CUST9342,Sofa,9,206.28,2022-11-06,India
ORD100273,CUST5929,Bed Frame,9,1500.79,2024-01-07,Canada
ORD100274,CUST7387,Wardrobe,7,1037.54,2024-01-08,Canada
ORD100275,CUST2221,Coffee Table,4,682.15,2023-02-06,Canada
ORD100276,CUST2711,Dresser,1,504.31,2022-04-26,Australia
ORD100277,CUST5424,Recliner,9,1673.24,2021-12-06,Brazil
ORD100278,CUST6524,Bed Frame,10,1065.97,2021-12-05,Brazil
ORD100279,CUST5715,Wardrobe,4,1159.85,2023-08-14,Brazil
ORD100280,CUST9634,Office Chair,1,1729.19,2023-08-23,France
ORD100281,CUST7637,Bed Frame,7,1478.97,2024-05-07,China
ORD100282,CUST7855,Recliner,3,522.05,2024-07-17,India
ORD100283,CUST1524,Coffee Table,4,563.26,2024-08-09,UK
ORD100284,CUST5671,Sofa,5,1403.53,2023-09-17,Japan
ORD100285,CUST4893,Dresser,4,171.3,2022-01-12,USA
ORD100286,CUST5179,Bookshelf,2,350.24,2024-03-15,India
ORD100287,CUST1256,Coffee Table,1,396.08,2023-11-18,Japan
ORD100288,CUST9165,Dresser,4,1509.86,2022-04-17,UK
ORD100289,CUST2567,Coffee Table,9,1327.32,2023-03-13,France
ORD100290,CUST7020,Bookshelf,9,1002.22,2023-12-13,USA
ORD100291,CUST7403,Bookshelf,7,1046.38,2024-08-22,Australia
ORD100292,CUST7409,Dresser,5,434.54,2023-04-28,Germany
ORD100293,CUST8900,Dining Table,6,1745.37,2021-10-28,France
ORD100294,CUST8411,Office Chair,5,1134.76,2023-06-21,Japan
ORD100295,CUST9744,Bed Frame,10,824.85,2023-02-21,Brazil
ORD100296,CUST4202,Dining Table,9,967.45,2022-09-28,France
ORD100297,CUST3664,Office Chair,8,132.21,2022-10-09,Brazil
ORD100298,CUST7464,Recliner,9,1889.96,2022-01-13,Canada
ORD100299,CUST1355,Bookshelf,10,1267.34,2023-11-05,Brazil
ORD100300,CUST6027,Recliner,10,1033.37,2024-09-07,Australia
ORD100301,CUST8119,Dining Table,7,1554.11,2024-07-13,China
ORD100302,CUST4327,Wardrobe,3,370.29,2021-10-26,Germany
ORD100303,CUST2744,Office Chair,10,1821.77,2022-05-25,Germany
ORD100304,CUST4852,Recliner,2,678.71,2024-05-07,Canada
ORD100305,CUST7441,Dresser,7,300.33,2024-02-14,Germany
ORD100306,CUST7215,Dresser,3,1406.32,2022-08-12,Australia
ORD100307,CUST4702,Sofa,9,172.15,2024-03-13,UK
ORD100308,CUST7735,Recliner,6,526.14,2023-10-18,Canada
ORD100309,CUST4338,Recliner,5,1150.39,2024-04-19,Canada
ORD100310,CUST8859,Coffee Table,1,1616.86,2022-08-12,Canada
ORD100311,CUST1966,Wardrobe,4,1793.24,2022-08-17,UK
ORD100312,CUST5138,Coffee Table,6,1374.64,2022-12-11,UK
ORD100313,CUST5088,Sofa,6,56.65,2022-07-24,France
ORD100314,CUST5943,Dresser,6,813.76,2023-05-07,Brazil
ORD100315,CUST6570,Coffee Table,2,1044.3,2022-02-25,Canada
ORD100316,CUST5243,Recliner,3,154.1,2021-11-10,India
ORD100317,CUST9662,Wardrobe,2,927.17,2024-03-22,India
ORD100318,CUST5629,Bed Frame,6,1098.38,2022-09-25,China
ORD100319,CUST5041,TV Stand,5,1533.17,2024-09-09,Australia
ORD100320,CUST8810,Dining Table,7,1247.8,2023-04-13,Japan
ORD100321,CUST6280,Dining Table,9,1949.08,2021-11-26,UK
ORD100322,CUST7205,Dining Table,7,1312.22,2022-10-28,Canada
ORD100323,CUST6869,Coffee Table,6,321.2,2022-12-18,France
ORD100324,CUST3823,Wardrobe,2,1863.62,2021-10-28,Japan
ORD100325,CUST1580,Recliner,1,1446.38,2022-08-02,Germany
ORD100326,CUST7327,Dining Table,8,1640.68,2023-10-11,China
ORD100327,CUST4341,Coffee Table,2,982.43,2023-04-07,India
ORD100328,CUST4651,TV Stand,8,1908.47,2024-10-12,USA
ORD100329,CUST9621,Dresser,7,1746.07,2022-09-17,Germany
ORD100330,CUST8117,Coffee Table,7,436.58,2023-06-06,India
ORD100331,CUST7673,Wardrobe,5,474.6,2024-01-14,Canada
ORD100332,CUST5574,Dining Table,1,1286.67,2021-10-25,Germany
ORD100333,CUST1155,TV Stand,3,924.65,2022-01-18,USA
ORD100334,CUST5971,Recliner,10,603.14,2022-08-22,UK
ORD100335,CUST6541,Office Chair,6,1308.98,2022-12-12,China
ORD100336,CUST2369,Sofa,2,1040.31,2024-02-24,Australia
ORD100337,CUST4619,Bed Frame,4,1265.71,2023-10-19,Canada
ORD100338,CUST7686,Wardrobe,2,618.86,2022-04-19,Japan
ORD100339,CUST3293,Bed Frame,3,1997.75,2022-07-26,Japan
ORD100340,CUST4041,Dresser,2,723.34,2024-05-02,Canada
ORD100341,CUST2152,Bookshelf,2,395.24,2023-02-06,Brazil
ORD100342,CUST7689,Bed Frame,10,298.76,2022-05-02,Brazil
ORD100343,CUST4366,Wardrobe,8,941.32,2022-07-07,France
ORD100344,CUST4876,Bookshelf,5,1947.46,2024-07-04,UK
ORD100345,CUST3402,Bed Frame,9,1666.59,2024-03-27,Australia
ORD100346,CUST4323,Dresser,6,798.67,2024-07-23,Japan
ORD100347,CUST7951,Office Chair,4,688.15,2022-12-02,France
ORD100348,CUST2597,Bed Frame,2,1514.94,2023-05-23,France
ORD100349,CUST8243,Dresser,8,1892.61,2022-12-25,France
ORD100350,CUST1749,Recliner,8,1927.71,2024-02-13,UK
ORD100351,CUST5667,Bed Frame,4,1755.71,2022-11-29,USA
ORD100352,CUST5227,Office Chair,7,1751.76,2022-12-14,Brazil
ORD100353,CUST1640,Recliner,9,224.16,2022-03-09,China
ORD100354,CUST2557,Bookshelf,5,77.59,2023-03-30,Canada
ORD100355,CUST5641,Bookshelf,9,1376.19,2022-07-23,France
ORD100356,CUST8849,Coffee Table,1,1270.83,2022-09-02,China
ORD100357,CUST8638,Sofa,1,1124.06,2024-07-30,India
ORD100358,CUST7550,Recliner,8,1813.49,2023-06-23,Canada
ORD100359,CUST2820,Dining Table,8,1248.42,2022-06-19,Canada
ORD100360,CUST6121,Dining Table,5,511.6,2024-05-06,India
ORD100361,CUST4896,Wardrobe,6,1391.15,2022-05-27,Brazil
ORD100362,CUST7222,Dresser,7,319.29,2023-08-25,Germany
ORD100363,CUST3835,Wardrobe,10,892.07,2022-02-04,Australia
ORD100364,CUST4047,Dining Table,7,1201.02,2023-07-05,UK
ORD100365,CUST5188,Wardrobe,7,1509.65,2022-03-23,Australia
ORD100366,CUST3652,Coffee Table,1,929.71,2024-06-18,France
ORD100367,CUST9548,Office Chair,1,444.28,2024-08-25,Japan
ORD100368,CUST2786,Bookshelf,4,1498.72,2023-11-24,Australia
ORD100369,CUST6787,Coffee Table,1,279.31,2022-07-29,Japan
ORD100370,CUST3995,Dining Table,1,569.78,2021-11-06,Australia
ORD100371,CUST8009,Sofa,5,845.87,2024-02-19,Australia
ORD100372,CUST6913,Wardrobe,6,876.58,2022-12-28,UK
ORD100373,CUST7078,Office Chair,8,317.8,2024-07-18,Canada
ORD100374,CUST2917,Office Chair,9,1685.69,2024-08-29,USA
ORD100375,CUST6031,TV Stand,2,1725.15,2022-10-19,USA
ORD100376,CUST6106,Bookshelf,10,169.96,2023-11-06,Brazil
ORD100377,CUST3433,TV Stand,3,555.2,2023-09-11,Germany
ORD100378,CUST2951,TV Stand,6,1426.71,2023-06-19,Australia
ORD100379,CUST4414,Dining Table,5,1808.24,2022-10-28,Japan
ORD100380,CUST3016,Recliner,8,1843.88,2023-03-08,Brazil
ORD100381,CUST2285,Recliner,8,1144.72,2023-07-02,India
ORD100382,CUST2204,Bed Frame,3,1039.98,2022-02-10,China
ORD100383,CUST3789,Bookshelf,9,1350.56,2022-09-23,China
ORD100384,CUST3755,Office Chair,5,1079.47,2023-10-28,Brazil
ORD100385,CUST4250,Wardrobe,6,1207.54,2021-11-02,India
ORD100386,CUST1591,Dresser,5,573.54,2024-09-17,Germany
ORD100387,CUST9721,Dresser,1,358.75,2022-10-19,India
ORD100388,CUST4584,Bookshelf,5,1615.45,2023-08-21,USA
ORD100389,CUST9207,Wardrobe,10,749.16,2022-05-23,Japan
ORD100390,CUST8999,Dresser,3,1749.92,2022-02-02,Japan
ORD100391,CUST7180,Sofa,2,500.5,2022-03-19,France
ORD100392,CUST7718,Bookshelf,5,1385.92,2023-10-17,Brazil
ORD100393,CUST1164,Coffee Table,5,425.71,2021-11-09,France
ORD100394,CUST3989,Wardrobe,10,1993.47,2022-01-20,Canada
ORD100395,CUST9327,Coffee Table,6,538.7,2022-08-05,USA
ORD100396,CUST8964,Coffee Table,9,1212.07,2022-10-22,India
ORD100397,CUST3707,Bed Frame,6,1049.1,2023-10-31,Brazil
ORD100398,CUST8405,Office Chair,7,1567.14,2024-05-02,UK
ORD100399,CUST8990,Dresser,10,1576.98,2023-11-13,China
ORD100400,CUST2359,Sofa,7,63.76,2024-09-17,Australia
ORD100401,CUST2031,Bookshelf,6,282.1,2024-08-19,Germany
ORD100402,CUST9317,Office Chair,5,957.92,2022-06-16,Germany
ORD100403,CUST3631,Dresser,5,1309.9,2023-09-01,Germany
ORD100404,CUST8633,Recliner,4,695.43,2023-04-14,Germany
ORD100405,CUST1505,Office Chair,6,1848.39,2024-03-10,France
ORD100406,CUST3292,TV Stand,10,540.11,2022-10-03,Japan
ORD100407,CUST9627,Coffee Table,1,623.5,2023-07-22,India
ORD100408,CUST4297,Recliner,10,1033.99,2022-01-25,China
ORD100409,CUST7516,Coffee Table,3,1847.91,2024-06-02,China
ORD100410,CUST9365,Office Chair,5,1937.04,2022-05-20,Germany
ORD100411,CUST2048,Recliner,10,641.24,2024-01-31,UK
ORD100412,CUST2653,Sofa,10,1978.08,2022-01-10,China
ORD100413,CUST7882,Dresser,7,1948.29,2023-08-19,Australia
ORD100414,CUST9334,Wardrobe,6,1592.33,2022-04-20,Brazil
ORD100415,CUST1978,Dining Table,3,333.85,2022-03-06,France
ORD100416,CUST9642,Coffee Table,7,1738.17,2022-12-28,USA
ORD100417,CUST4764,Recliner,5,724.16,2021-10-16,Japan
ORD100418,CUST4644,Bed Frame,8,743.71,2022-04-03,China
ORD100419,CUST4404,Sofa,8,768.44,2022-06-02,Brazil
ORD100420,CUST2771,Dresser,6,1832.4,2023-05-09,Japan
ORD100421,CUST6956,Wardrobe,3,1482.62,2022-09-04,UK
ORD100422,CUST4110,Bed Frame,5,1547.26,2023-11-19,USA
ORD100423,CUST5710,Bed Frame,1,334.64,2024-02-22,France
ORD100424,CUST4789,Office Chair,7,1066.63,2022-11-02,Brazil
ORD100425,CUST5843,Sofa,8,1730.44,2023-01-10,France
ORD100426,CUST8496,Office Chair,10,704.16,2021-11-13,Japan
ORD100427,CUST1299,Sofa,7,695.47,2022-12-18,Brazil
ORD100428,CUST9594,Recliner,7,1676.23,2022-11-17,Japan
ORD100429,CUST9616,Dresser,1,1064.88,2022-10-26,Brazil
ORD100430,CUST8155,Dresser,8,1595.73,2024-04-06,India
ORD100431,CUST5236,Sofa,3,1854.13,2022-09-08,USA
ORD100432,CUST2776,Bed Frame,7,1228.18,2024-01-16,China
ORD100433,CUST9107,Sofa,6,1744.46,2023-02-15,China
ORD100434,CUST9170,Wardrobe,3,768.12,2024-02-17,USA
ORD100435,CUST9698,Recliner,2,1225.67,2022-10-12,UK
ORD100436,CUST5997,Office Chair,9,599.63,2023-12-06,Germany
ORD100437,CUST2113,Recliner,3,552.48,2023-07-05,Australia
ORD100438,CUST2757,Coffee Table,2,986.3,2023-09-13,France
ORD100439,CUST8029,Dining Table,10,955.97,2024-10-13,France
ORD100440,CUST6811,Wardrobe,9,1314.45,2022-11-02,France
ORD100441,CUST4265,Recliner,4,1253.01,2023-07-17,Canada
ORD100442,CUST6377,Dresser,10,1916.44,2023-02-27,Japan
ORD100443,CUST7719,Recliner,8,755.37,2022-12-18,USA
ORD100444,CUST2090,Wardrobe,3,880.19,2023-03-23,USA
ORD100445,CUST2834,Bookshelf,4,1038.05,2024-10-02,Japan
ORD100446,CUST8135,Recliner,4,1939.61,2023-11-04,Japan
ORD100447,CUST3232,Dresser,2,568.97,2021-11-26,USA
ORD100448,CUST7170,Office Chair,1,706.17,2023-11-23,USA
ORD100449,CUST1198,Dresser,8,269.27,2024-06-17,Germany
ORD100450,CUST3868,Coffee Table,9,1571.38,2022-03-07,Canada
ORD100451,CUST4205,Office Chair,8,1546.81,2022-12-08,France
ORD100452,CUST3224,Wardrobe,9,668.6,2024-06-29,Japan
ORD100453,CUST3284,Bed Frame,5,1365.13,2022-04-18,UK
ORD100454,CUST6033,Office Chair,2,982.31,2021-10-27,Australia
ORD100455,CUST5723,Dresser,4,521.21,2023-01-12,Australia
ORD100456,CUST5819,Recliner,7,1254.41,2022-04-01,Canada
ORD100457,CUST6145,Wardrobe,2,1723.23,2024-04-30,UK
ORD100458,CUST5340,Dining Table,3,1940.51,2022-10-18,Canada
ORD100459,CUST2103,Bookshelf,3,646.97,2021-12-29,India
ORD100460,CUST1503,Bed Frame,1,1129.01,2024-07-17,China
ORD100461,CUST5157,Coffee Table,9,1101.93,2022-11-16,Japan
ORD100462,CUST3382,Wardrobe,2,789.94,2023-12-29,Brazil
ORD100463,CUST4720,Recliner,4,563.74,2022-09-28,Germany
ORD100464,CUST8965,Dining Table,9,1767.47,2022-11-23,Australia
ORD100465,CUST3882,Office Chair,2,795.33,2022-04-24,India
ORD100466,CUST5559,Bed Frame,9,1885.23,2023-10-23,Australia
ORD100467,CUST1951,Bookshelf,5,1819.93,2024-03-02,Japan
ORD100468,CUST2944,Recliner,9,1975.65,2023-11-29,Brazil
ORD100469,CUST2500,Sofa,3,739.62,2023-05-24,China
ORD100470,CUST7841,Dining Table,7,1840.42,2024-05-25,France
ORD100471,CUST8229,Bed Frame,9,1522.96,2023-09-23,USA
ORD100472,CUST8886,Wardrobe,1,867.14,2024-08-10,UK
ORD100473,CUST4114,Bookshelf,5,904.77,2023-07-17,Germany
ORD100474,CUST6779,Wardrobe,1,724.85,2023-06-01,UK
ORD100475,CUST2569,Office Chair,7,1202.77,2023-09-09,France
ORD100476,CUST3284,Dresser,6,887.35,2023-07-04,Canada
ORD100477,CUST6743,TV Stand,2,1176.4,2023-08-07,Brazil
ORD100478,CUST8064,Wardrobe,6,1820.39,2023-04-05,Germany
ORD100479,CUST4262,Wardrobe,5,1291.94,2021-12-12,Canada
ORD100480,CUST4769,Recliner,10,389.82,2024-03-21,France
ORD100481,CUST9974,Recliner,5,346.22,2024-03-31,USA
ORD100482,CUST8238,Coffee Table,5,1740.1,2024-07-05,France
ORD100483,CUST4630,Office Chair,5,1774.56,2023-02-03,India
ORD100484,CUST2194,Dining Table,5,1077.02,2023-09-03,China
ORD100485,CUST9274,Dining Table,5,1839.87,2022-02-27,India
ORD100486,CUST8716,Dining Table,8,1739.9,2024-10-08,China
ORD100487,CUST8659,Bed Frame,2,1045.26,2021-12-05,UK
ORD100488,CUST5492,Office Chair,5,1324.19,2021-11-01,India
ORD100489,CUST5857,Coffee Table,5,1290.14,2023-03-03,France
ORD100490,CUST5746,Wardrobe,1,601.2,2022-11-04,Australia
ORD100491,CUST4426,Wardrobe,8,391.86,2024-07-02,UK
ORD100492,CUST7069,Office Chair,8,1889.65,2023-09-25,Canada
ORD100493,CUST6830,Sofa,10,126.36,2023-08-31,USA
ORD100494,CUST5042,Coffee Table,3,606.47,2023-12-01,China
ORD100495,CUST4442,Wardrobe,10,915.96,2022-03-04,Germany
ORD100496,CUST7905,Bed Frame,2,695.85,2022-07-22,France
ORD100497,CUST6200,Bed Frame,6,1706.04,2023-09-03,Australia
ORD100498,CUST3463,TV Stand,2,83.78,2021-11-12,France
ORD100499,CUST3676,Dining Table,7,1010.24,2022-11-29,Japan
ORD100500,CUST2174,Recliner,4,1835.79,2024-02-29,USA
ORD100501,CUST8303,Bookshelf,4,1717.14,2024-05-13,India
ORD100502,CUST1236,Recliner,9,1508.76,2023-10-19,UK
ORD100503,CUST3611,Sofa,9,201.26,2024-06-01,France
ORD100504,CUST8350,Coffee Table,1,1643.43,2022-03-22,Japan
ORD100505,CUST3654,Bookshelf,8,739.47,2022-08-03,Japan
ORD100506,CUST9798,TV Stand,2,718.1,2022-11-09,USA
ORD100507,CUST9021,Dining Table,8,1962.96,2023-12-11,Brazil
ORD100508,CUST4270,Coffee Table,6,1505.63,2022-09-21,UK
ORD100509,CUST7607,Dining Table,2,1260.35,2022-06-10,USA
ORD100510,CUST7023,Bookshelf,10,676.8,2021-12-21,France
ORD100511,CUST3997,Recliner,10,1287.22,2022-01-15,Germany
ORD100512,CUST4584,Office Chair,9,1397.04,2022-07-03,Brazil
ORD100513,CUST8055,Coffee Table,10,99.09,2024-06-15,USA
ORD100514,CUST9447,Dresser,4,537.14,2021-12-20,USA
ORD100515,CUST1112,Bed Frame,4,814.38,2023-08-18,Brazil
ORD100516,CUST8771,Dining Table,6,63.41,2023-11-25,Japan
ORD100517,CUST3036,Bed Frame,1,322.95,2022-05-11,Germany
ORD100518,CUST4919,TV Stand,9,1339.74,2023-07-25,UK
ORD100519,CUST1854,Recliner,9,1310.62,2023-04-15,USA
ORD100520,CUST5617,Bed Frame,10,1390.85,2023-11-14,France
ORD100521,CUST3372,Dining Table,1,62.17,2023-01-10,China
ORD100522,CUST9012,Wardrobe,6,1566.71,2024-08-25,China
ORD100523,CUST8110,Wardrobe,7,1759.78,2024-05-18,Brazil
ORD100524,CUST3611,TV Stand,8,141.13,2023-10-24,Canada
ORD100525,CUST9330,Dining Table,2,352.22,2021-11-22,Australia
ORD100526,CUST9976,TV Stand,8,1748.98,2023-11-24,Brazil
ORD100527,CUST4593,Office Chair,1,1978.5,2023-09-08,USA
ORD100528,CUST1389,Sofa,6,968.39,2021-11-06,France
ORD100529,CUST1255,Sofa,1,132.21,2022-12-04,USA
ORD100530,CUST1467,Sofa,6,54.12,2023-08-11,UK
ORD100531,CUST7779,Coffee Table,4,1341.92,2024-05-27,Germany
ORD100532,CUST2918,Dining Table,7,909.21,2024-05-25,Australia
ORD100533,CUST2167,TV Stand,1,1948.9,2022-01-05,USA
ORD100534,CUST4180,Bookshelf,9,261.77,2022-04-21,Germany
ORD100535,CUST9479,Wardrobe,4,1096.09,2023-04-14,Japan
ORD100536,CUST3825,Recliner,9,1537.97,2021-11-01,Brazil
ORD100537,CUST8423,Office Chair,9,1108.72,2024-07-30,Australia
ORD100538,CUST6295,Dresser,3,1048.77,2022-07-15,UK
ORD100539,CUST8641,Sofa,10,631.78,2024-07-10,Brazil
ORD100540,CUST2035,Bookshelf,3,335.11,2022-07-14,UK
ORD100541,CUST1016,Sofa,4,1410.47,2022-05-23,India
ORD100542,CUST4110,Wardrobe,4,1609.44,2024-05-26,France
ORD100543,CUST9012,TV Stand,7,1255.15,2023-03-19,Japan
ORD100544,CUST1913,Dining Table,3,668.28,2024-04-27,USA
ORD100545,CUST7207,Bed Frame,3,1485.49,2022-05-30,Canada
ORD100546,CUST1024,Office Chair,1,1747.85,2024-06-02,USA
ORD100547,CUST8105,Office Chair,3,663.55,2022-01-17,India
ORD100548,CUST9047,Bed Frame,7,229.03,2024-06-24,Germany
ORD100549,CUST9363,Dresser,3,625.54,2024-07-19,UK
ORD100550,CUST3231,Coffee Table,8,1588.35,2024-01-02,India
ORD100551,CUST9627,Bed Frame,6,1895.91,2022-12-21,China
ORD100552,CUST4540,Coffee Table,2,696.52,2023-08-27,UK
ORD100553,CUST1991,Office Chair,10,64.87,2023-11-01,Australia
ORD100554,CUST1377,Bookshelf,2,147.91,2021-12-31,Japan
ORD100555,CUST5843,Dining Table,5,1047.41,2024-01-24,France
ORD100556,CUST5130,Dresser,1,1631.53,2022-11-23,China
ORD100557,CUST2203,Bookshelf,2,59.19,2023-09-30,France
ORD100558,CUST1483,Bed Frame,6,552.79,2023-11-15,India
ORD100559,CUST4460,Sofa,2,264.59,2023-01-24,USA
ORD100560,CUST6284,Dining Table,3,919.82,2022-03-15,Brazil
ORD100561,CUST1493,Sofa,3,1736.67,2024-05-23,Germany
ORD100562,CUST8199,Bed Frame,10,1190.92,2024-08-12,Brazil
ORD100563,CUST9961,Dresser,7,54.76,2023-01-16,India
ORD100564,CUST8968,Coffee Table,3,582.41,2023-01-07,UK
ORD100565,CUST8896,Dining Table,5,1092.3,2022-05-02,India
ORD100566,CUST5151,Bookshelf,10,141.93,2024-07-01,USA
ORD100567,CUST7588,Dresser,1,420.06,2022-03-05,Australia
ORD100568,CUST5630,TV Stand,2,127.13,2023-03-24,USA
ORD100569,CUST3840,Coffee Table,9,1753.33,2022-03-07,India
ORD100570,CUST3640,Dresser,8,142.26,2023-03-30,China
ORD100571,CUST8692,Wardrobe,1,1268.68,2022-03-15,India
ORD100572,CUST9534,Dining Table,6,1670.29,2022-06-12,China
ORD100573,CUST6406,Wardrobe,2,1755.75,2021-12-10,USA
ORD100574,CUST8984,Dining Table,5,1244.89,2022-11-18,China
ORD100575,CUST1122,Bookshelf,9,1661.49,2021-12-12,Canada
ORD100576,CUST3004,Wardrobe,4,771.7,2022-10-18,Germany
ORD100577,CUST9052,Dining Table,6,1968.04,2022-05-18,Canada
ORD100578,CUST6729,Coffee Table,4,1456.69,2024-05-01,USA
ORD100579,CUST2149,Office Chair,8,1417.65,2022-10-29,Canada
ORD100580,CUST1779,Bookshelf,2,527.62,2023-01-29,Canada
ORD100581,CUST4796,Wardrobe,9,1907.61,2023-01-21,Canada
ORD100582,CUST4368,Dining Table,7,754.64,2022-11-05,Germany
ORD100583,CUST2543,TV Stand,5,301.19,2024-02-19,Germany
ORD100584,CUST3451,Sofa,6,434.32,2022-06-12,Japan
ORD100585,CUST3787,Dresser,5,221.39,2022-10-30,China
ORD100586,CUST8087,Bed Frame,9,1887.41,2022-12-10,France
ORD100587,CUST5973,TV Stand,1,159.32,2023-05-27,Japan
ORD100588,CUST5311,Wardrobe,1,1368.75,2023-08-24,Canada
ORD100589,CUST7395,Recliner,4,877.12,2022-01-10,Canada
ORD100590,CUST5596,Recliner,2,1646.54,2024-05-28,USA
ORD100591,CUST3890,Dresser,1,827.22,2023-10-08,Australia
ORD100592,CUST4003,TV Stand,7,445.99,2023-08-02,UK
ORD100593,CUST6158,Recliner,8,1767.62,2023-05-07,UK
ORD100594,CUST3924,Bookshelf,8,1639.74,2024-01-12,Germany
ORD100595,CUST5976,Sofa,5,71.27,2021-12-03,UK
ORD100596,CUST2418,Sofa,4,118.17,2021-12-21,Canada
ORD100597,CUST3890,Dresser,3,363.85,2023-01-12,USA
ORD100598,CUST7941,Dresser,1,791.26,2023-04-14,Germany
ORD100599,CUST9687,Dining Table,4,525.57,2022-08-25,Brazil
ORD100600,CUST6343,TV Stand,10,1426.4,2022-04-08,UK
ORD100601,CUST6921,Bookshelf,10,235.97,2021-12-27,USA
ORD100602,CUST5408,Bookshelf,7,1454.88,2024-06-22,USA
ORD100603,CUST5544,TV Stand,5,1239.79,2023-04-17,UK
ORD100604,CUST3985,Bed Frame,10,1330.92,2023-12-18,Australia
ORD100605,CUST8397,Coffee Table,3,1967.18,2024-05-23,Brazil
ORD100606,CUST1841,Coffee Table,7,1496.22,2023-06-10,Brazil
ORD100607,CUST5279,Dining Table,7,1416.75,2022-05-15,China
ORD100608,CUST7864,Wardrobe,10,855.95,2023-12-23,UK
ORD100609,CUST6017,Coffee Table,2,1509.58,2024-01-21,Japan
ORD100610,CUST6990,Bookshelf,2,713.7,2023-05-01,Australia
ORD100611,CUST4852,Sofa,5,327.64,2023-06-19,China
ORD100612,CUST6747,TV Stand,3,494.86,2024-03-01,Australia
ORD100613,CUST5927,Bed Frame,9,166.26,2022-11-04,Canada
ORD100614,CUST7983,Sofa,6,1320.63,2023-07-23,Canada
ORD100615,CUST9699,Bed Frame,8,1703.12,2024-10-04,China
ORD100616,CUST1923,Sofa,4,1781.76,2023-07-06,Canada
ORD100617,CUST4923,Recliner,4,572.09,2022-09-19,Germany
ORD100618,CUST3892,Dresser,1,1303.71,2022-11-03,Canada
ORD100619,CUST3682,Coffee Table,1,679.2,2024-04-28,India
ORD100620,CUST7908,Coffee Table,6,1496.33,2022-05-19,Canada
ORD100621,CUST2850,Coffee Table,6,1333.67,2021-12-29,Japan
ORD100622,CUST6336,Office Chair,1,1404.88,2024-02-21,India
ORD100623,CUST1830,Coffee Table,10,607.49,2023-09-25,USA
ORD100624,CUST8227,Dresser,1,1017.26,2024-03-09,China
ORD100625,CUST4639,Wardrobe,4,1794.66,2023-09-23,Australia
ORD100626,CUST6190,TV Stand,7,163.39,2022-02-20,Australia
ORD100627,CUST1485,Dresser,3,372.32,2023-05-26,China
ORD100628,CUST5026,Bed Frame,8,1101.08,2023-05-27,Germany
ORD100629,CUST7459,Bookshelf,9,464.74,2024-04-22,Brazil
ORD100630,CUST2980,Coffee Table,10,1711.87,2024-08-08,Japan
ORD100631,CUST3359,Bookshelf,4,1164.9,2023-09-03,Japan
ORD100632,CUST3034,Coffee Table,9,1688.22,2022-09-09,Australia
ORD100633,CUST7550,Recliner,3,1576.6,2024-06-09,UK
ORD100634,CUST7093,Bookshelf,8,1609.57,2023-11-03,Brazil
ORD100635,CUST6804,Wardrobe,2,541.15,2024-03-18,UK
ORD100636,CUST4575,Office Chair,10,1754.23,2022-09-18,Brazil
ORD100637,CUST8611,Sofa,2,1015.83,2024-02-28,Germany
ORD100638,CUST8713,Wardrobe,3,755.7,2023-11-23,Germany
ORD100639,CUST6352,Dresser,10,125.9,2022-07-31,UK
ORD100640,CUST1470,Bookshelf,5,58.65,2023-01-10,USA
ORD100641,CUST3310,TV Stand,7,629.43,2023-09-06,Brazil
ORD100642,CUST8423,Wardrobe,9,1779.07,2021-12-07,China
ORD100643,CUST1790,Bookshelf,9,184.47,2023-09-28,Australia
ORD100644,CUST9428,Bookshelf,8,302.58,2022-07-15,China
ORD100645,CUST2706,Office Chair,7,1752.06,2021-11-24,China
ORD100646,CUST8108,Bed Frame,9,1047.21,2021-10-24,Australia
ORD100647,CUST4561,Sofa,10,1347.32,2023-09-23,France
ORD100648,CUST9784,TV Stand,8,856.74,2021-12-17,India
ORD100649,CUST3639,TV Stand,6,128.7,2022-08-10,Australia
ORD100650,CUST1960,Dresser,9,1789.84,2024-04-06,India
ORD100651,CUST6704,TV Stand,10,512.46,2022-02-10,USA
ORD100652,CUST3071,Recliner,4,742.81,2022-11-05,China
ORD100653,CUST4906,Bookshelf,5,428.41,2022-08-23,Germany
ORD100654,CUST7942,Dining Table,8,1899.54,2023-04-15,Australia
ORD100655,CUST4344,Office Chair,4,840.13,2024-05-11,India
ORD100656,CUST5341,Coffee Table,9,1009.29,2022-04-02,Germany
ORD100657,CUST1156,Bed Frame,10,1559.01,2023-01-05,China
ORD100658,CUST6689,Coffee Table,10,161.51,2023-11-30,Canada
ORD100659,CUST1762,Recliner,8,456.12,2024-01-31,India
ORD100660,CUST1897,Bookshelf,3,1546.02,2023-03-30,Australia
ORD100661,CUST3468,Bed Frame,9,696.55,2022-08-23,Germany
ORD100662,CUST9039,TV Stand,5,1818.48,2024-04-28,India
ORD100663,CUST1622,Sofa,3,1472.74,2022-07-28,Australia
ORD100664,CUST7409,Coffee Table,10,1786.94,2023-06-03,UK
ORD100665,CUST3560,Dining Table,4,221.58,2021-10-24,Brazil
ORD100666,CUST5500,Dresser,2,1965.59,2024-02-18,Germany
ORD100667,CUST4650,Bed Frame,1,1816.2,2022-12-22,Germany
ORD100668,CUST2776,Office Chair,7,650.05,2023-02-20,Brazil
ORD100669,CUST5949,Dining Table,1,1532.73,2023-12-08,Australia
ORD100670,CUST8928,Recliner,5,1196.6,2024-01-24,France
ORD100671,CUST1603,Office Chair,8,1643.43,2024-05-16,Canada
ORD100672,CUST2423,TV Stand,3,1635.3,2022-07-23,Australia
ORD100673,CUST4637,Dresser,9,1999.52,2023-10-03,China
ORD100674,CUST3892,Coffee Table,8,1225.16,2024-06-19,Japan
ORD100675,CUST1595,Sofa,5,224.56,2024-02-29,India
ORD100676,CUST5024,Coffee Table,10,686.53,2023-07-24,Australia
ORD100677,CUST5984,Wardrobe,9,1696.01,2022-11-15,China
ORD100678,CUST5590,Recliner,10,1576.36,2022-08-27,Germany
ORD100679,CUST7164,Recliner,5,1153.05,2021-12-27,Canada
ORD100680,CUST7430,Office Chair,8,1190.63,2021-12-01,Japan
ORD100681,CUST7678,Bookshelf,8,1779.84,2024-05-13,Brazil
ORD100682,CUST6700,Dresser,6,1942.79,2022-01-03,Japan
ORD100683,CUST7552,Office Chair,5,137.31,2023-09-30,Australia
ORD100684,CUST3235,Recliner,10,1535.16,2021-11-24,Brazil
ORD100685,CUST3387,Bed Frame,2,1660.6,2021-10-27,UK
ORD100686,CUST9001,Coffee Table,10,983.6,2024-09-15,Canada
ORD100687,CUST2074,Recliner,1,1532.37,2023-04-24,UK
ORD100688,CUST7666,Bed Frame,1,1427.69,2022-05-25,China
ORD100689,CUST4538,Recliner,2,1989.35,2024-03-14,USA
ORD100690,CUST8423,Dining Table,7,948.39,2022-03-20,Canada
ORD100691,CUST6529,Bed Frame,2,938.75,2024-04-19,Australia
ORD100692,CUST6008,Bookshelf,5,625.67,2022-01-13,Germany
ORD100693,CUST6095,Wardrobe,3,1621.69,2022-07-03,Canada
ORD100694,CUST7781,Bookshelf,2,1237.33,2023-08-13,USA
ORD100695,CUST2936,Wardrobe,10,1522.38,2022-06-08,Canada
ORD100696,CUST1056,Wardrobe,10,1684.52,2024-02-01,Brazil
ORD100697,CUST1327,Recliner,3,505.39,2022-12-18,Australia
ORD100698,CUST7363,Dining Table,7,1489.74,2022-12-12,France
ORD100699,CUST1333,Recliner,8,474.68,2021-11-27,USA
ORD100700,CUST1477,Coffee Table,2,1182.22,2023-12-29,France
ORD100701,CUST6376,Dining Table,3,701.22,2023-11-27,Japan
ORD100702,CUST9195,TV Stand,4,1327.93,2023-12-11,Japan
ORD100703,CUST9543,Wardrobe,1,832.41,2023-09-24,Brazil
ORD100704,CUST2420,Bed Frame,10,420.65,2024-09-01,India
ORD100705,CUST7277,Dresser,10,1884.03,2022-07-22,Brazil
ORD100706,CUST2677,Bed Frame,7,344.84,2022-12-21,Japan
ORD100707,CUST5024,Office Chair,8,839.19,2023-02-01,India
ORD100708,CUST2761,Wardrobe,5,1661.27,2023-06-26,Brazil
ORD100709,CUST7250,Recliner,7,1733.19,2024-03-20,France
ORD100710,CUST1672,Wardrobe,8,1834.89,2024-08-05,France
ORD100711,CUST9121,TV Stand,3,1881.54,2022-09-11,Canada
ORD100712,CUST2479,Bookshelf,3,1969.92,2023-09-09,Germany
ORD100713,CUST5778,Recliner,1,862.56,2022-12-02,India
ORD100714,CUST8883,Office Chair,10,1681.99,2023-09-26,Japan
ORD100715,CUST3535,Dresser,7,1240.17,2022-06-20,Brazil
ORD100716,CUST4542,Recliner,1,1460.52,2023-03-10,China
ORD100717,CUST8745,Bed Frame,6,1002.41,2022-03-05,Germany
ORD100718,CUST7417,Wardrobe,3,894.95,2022-04-15,Brazil
ORD100719,CUST6941,Wardrobe,6,319.73,2023-03-04,India
ORD100720,CUST3792,Office Chair,6,1474.48,2022-11-24,India
ORD100721,CUST7646,Sofa,8,1776.83,2022-03-19,Canada
ORD100722,CUST9014,Wardrobe,5,381.09,2022-08-28,UK
ORD100723,CUST6309,Recliner,10,1841.94,2023-07-14,France
ORD100724,CUST1304,Bed Frame,5,1010.14,2023-02-14,Australia
ORD100725,CUST3034,Bookshelf,6,470.26,2022-05-21,USA
ORD100726,CUST2224,Dresser,9,1990.94,2023-06-15,USA
ORD100727,CUST7155,Bed Frame,6,1942.14,2023-07-24,Germany
ORD100728,CUST6379,Office Chair,3,1206.03,2022-08-14,Canada
ORD100729,CUST6851,Dresser,2,325.62,2022-11-23,Japan
ORD100730,CUST3639,Coffee Table,4,1745.34,2023-02-17,Japan
ORD100731,CUST5552,Recliner,1,615.53,2023-11-24,China
ORD100732,CUST4903,Dresser,3,1683.0,2023-03-25,USA
ORD100733,CUST1520,Sofa,10,1051.32,2024-03-16,Canada
ORD100734,CUST9500,TV Stand,1,307.75,2024-09-15,Brazil
ORD100735,CUST3509,Recliner,10,705.27,2023-06-12,Brazil
ORD100736,CUST5060,Bed Frame,4,1556.65,2022-04-06,China
ORD100737,CUST9134,Bookshelf,1,1831.86,2023-12-01,USA
ORD100738,CUST6835,Wardrobe,8,1568.75,2024-03-18,China
ORD100739,CUST2640,Sofa,4,1422.66,2022-12-28,UK
ORD100740,CUST2318,Bed Frame,4,483.7,2022-07-13,India
ORD100741,CUST1990,Recliner,4,1638.82,2024-06-02,Brazil
ORD100742,CUST3249,Dining Table,6,1814.56,2023-10-05,France
ORD100743,CUST2378,Dresser,4,661.59,2021-12-22,Germany
ORD100744,CUST6597,Office Chair,7,1863.57,2024-07-20,Australia
ORD100745,CUST9627,Bookshelf,1,314.84,2022-09-30,UK
ORD100746,CUST7622,Coffee Table,8,148.53,2022-09-11,Brazil
ORD100747,CUST7207,TV Stand,2,198.57,2022-05-16,India
ORD100748,CUST3664,Dresser,6,1462.07,2024-01-21,USA
ORD100749,CUST9076,Wardrobe,1,1679.58,2024-08-22,Australia
ORD100750,CUST5643,Sofa,10,426.66,2022-02-10,Germany
ORD100751,CUST4714,Sofa,2,1879.26,2022-12-17,Germany
ORD100752,CUST4693,Office Chair,5,1750.04,2023-12-22,Brazil
ORD100753,CUST4132,Wardrobe,2,1108.02,2023-12-23,India
ORD100754,CUST3894,Dining Table,3,519.33,2022-06-30,Australia
ORD100755,CUST2962,Dining Table,1,1543.12,2024-02-15,USA
ORD100756,CUST2361,Bed Frame,1,1772.22,2024-03-08,Japan
ORD100757,CUST7035,Sofa,5,946.99,2022-02-11,UK
ORD100758,CUST6423,Sofa,3,1477.4,2024-10-10,France
ORD100759,CUST7407,Office Chair,2,907.1,2023-03-11,Australia
ORD100760,CUST7473,Dresser,6,1349.26,2022-05-31,USA
ORD100761,CUST6924,Dining Table,4,461.97,2023-03-04,France
ORD100762,CUST3142,Sofa,4,501.48,2022-08-01,India
ORD100763,CUST9066,Dresser,1,543.59,2024-08-13,China
ORD100764,CUST3337,Dining Table,2,224.16,2024-09-09,India
ORD100765,CUST6603,Sofa,5,419.18,2021-11-20,India
ORD100766,CUST9609,Coffee Table,2,1296.92,2022-03-30,Germany
ORD100767,CUST9642,Wardrobe,8,244.78,2024-07-24,Australia
ORD100768,CUST2112,Wardrobe,8,1415.33,2022-05-26,Australia
ORD100769,CUST3518,Wardrobe,9,806.64,2023-06-19,France
ORD100770,CUST6009,Dining Table,3,676.8,2023-07-03,UK
ORD100771,CUST7615,Sofa,5,1842.53,2022-04-14,USA
ORD100772,CUST9102,TV Stand,1,1073.73,2023-12-05,Brazil
ORD100773,CUST7678,Bed Frame,1,609.05,2023-11-03,India
ORD100774,CUST5871,Office Chair,6,1363.33,2023-09-05,India
ORD100775,CUST2297,Bed Frame,2,1742.49,2022-08-19,Germany
ORD100776,CUST8405,Coffee Table,1,1324.96,2022-05-10,UK
ORD100777,CUST6520,TV Stand,8,999.57,2023-09-10,Australia
ORD100778,CUST9870,Coffee Table,10,1214.82,2022-02-15,Germany
ORD100779,CUST4165,Sofa,9,368.11,2022-01-30,USA
ORD100780,CUST1573,Coffee Table,8,1279.9,2024-08-30,USA
ORD100781,CUST6407,Recliner,1,498.07,2024-03-14,Canada
ORD100782,CUST6323,Wardrobe,3,1113.29,2022-03-27,India
ORD100783,CUST3024,Bed Frame,1,1311.21,2021-12-08,France
ORD100784,CUST6682,Dining Table,1,174.69,2023-09-24,Germany
ORD100785,CUST5283,Dining Table,5,1902.02,2022-03-05,Australia
ORD100786,CUST3294,Office Chair,3,1864.46,2023-06-29,UK
ORD100787,CUST8758,Bookshelf,5,493.99,2023-06-24,China
ORD100788,CUST1510,Wardrobe,8,1518.43,2024-05-01,China
ORD100789,CUST2793,Sofa,6,531.82,2022-02-18,China
ORD100790,CUST9235,Sofa,3,1895.08,2024-07-09,France
ORD100791,CUST8039,Office Chair,1,435.67,2024-07-03,France
ORD100792,CUST5210,Wardrobe,9,1381.4,2022-07-10,India
ORD100793,CUST1757,Bed Frame,5,662.53,2022-07-09,Germany
ORD100794,CUST3116,Dresser,10,1222.46,2022-11-13,Germany
ORD100795,CUST3252,Office Chair,2,144.61,2023-04-06,Australia
ORD100796,CUST1149,Recliner,10,1046.72,2022-11-23,China
ORD100797,CUST2437,Sofa,2,1995.59,2021-10-25,UK
ORD100798,CUST7285,Bed Frame,4,165.74,2022-02-28,France
ORD100799,CUST1938,Office Chair,10,566.48,2023-01-23,UK
ORD100800,CUST1326,Dining Table,9,1463.46,2024-01-06,Australia
ORD100801,CUST7133,Wardrobe,8,116.17,2023-05-20,China
ORD100802,CUST2716,Recliner,8,1843.11,2022-05-19,India
ORD100803,CUST9826,Office Chair,10,1682.35,2024-02-02,USA
ORD100804,CUST7759,TV Stand,7,316.05,2022-04-25,Canada
ORD100805,CUST7559,Bookshelf,5,271.53,2023-05-17,Germany
ORD100806,CUST3782,Office Chair,3,1963.51,2021-11-01,Japan
ORD100807,CUST5031,Bed Frame,8,1448.75,2023-11-14,UK
ORD100808,CUST6864,Bookshelf,3,830.55,2024-08-27,Japan
ORD100809,CUST8581,Sofa,6,738.54,2022-02-19,Brazil
ORD100810,CUST6937,Bookshelf,1,1305.45,2024-10-07,France
ORD100811,CUST6672,Bookshelf,3,1238.57,2023-11-20,UK
ORD100812,CUST3551,Office Chair,1,97.42,2022-02-27,Canada
ORD100813,CUST4647,Recliner,8,947.47,2022-09-23,Japan
ORD100814,CUST8964,Sofa,6,974.21,2022-11-14,France
ORD100815,CUST4457,Recliner,1,1397.71,2022-07-14,China
ORD100816,CUST1651,Bookshelf,9,824.37,2022-12-12,Japan
ORD100817,CUST4036,TV Stand,7,1201.14,2022-09-07,China
ORD100818,CUST5683,TV Stand,8,1090.19,2022-04-17,Brazil
ORD100819,CUST2796,Dresser,7,1293.27,2023-08-01,Brazil
ORD100820,CUST5344,Recliner,2,206.02,2023-09-30,France
ORD100821,CUST7665,Office Chair,2,1710.26,2022-07-18,Germany
ORD100822,CUST1273,Recliner,8,1193.86,2022-05-29,Australia
ORD100823,CUST3070,Recliner,1,1351.3,2023-06-29,Germany
ORD100824,CUST3364,Recliner,4,1705.33,2023-03-22,Canada
ORD100825,CUST6501,Office Chair,8,585.17,2022-09-06,Brazil
ORD100826,CUST2912,Bed Frame,5,786.96,2024-04-11,India
ORD100827,CUST4861,Office Chair,5,1530.79,2023-03-15,France
ORD100828,CUST2394,Bookshelf,5,460.8,2022-03-29,USA
ORD100829,CUST2065,Office Chair,5,1979.62,2024-08-01,Australia
ORD100830,CUST3083,TV Stand,4,1815.09,2023-02-11,Germany
ORD100831,CUST9717,Dining Table,1,815.55,2023-09-07,Australia
ORD100832,CUST6173,Coffee Table,10,404.84,2023-06-14,Germany
ORD100833,CUST6891,Dining Table,4,1247.23,2024-09-08,India
ORD100834,CUST6426,Bookshelf,9,1466.12,2023-08-14,Japan
ORD100835,CUST4376,Sofa,2,757.01,2024-08-20,China
ORD100836,CUST7781,Coffee Table,2,679.25,2024-04-04,Australia
ORD100837,CUST1120,Dining Table,6,401.14,2023-10-17,Japan
ORD100838,CUST2727,Office Chair,8,62.38,2022-07-25,China
ORD100839,CUST3578,Dining Table,1,128.98,2023-10-20,China
ORD100840,CUST5355,Recliner,4,1983.9,2021-12-02,Australia
ORD100841,CUST6802,Dresser,5,1161.62,2022-01-13,Australia
ORD100842,CUST8804,Office Chair,7,623.62,2022-10-25,Brazil
ORD100843,CUST3745,Coffee Table,1,1551.31,2022-08-29,UK
ORD100844,CUST3295,Wardrobe,2,1451.47,2024-10-01,Japan
ORD100845,CUST6334,Bed Frame,6,1617.28,2022-11-01,Germany
ORD100846,CUST9484,Office Chair,2,1342.74,2023-10-28,France
ORD100847,CUST6147,Bed Frame,9,986.66,2024-07-18,France
ORD100848,CUST1017,Dresser,4,132.97,2022-09-26,Japan
ORD100849,CUST8712,Bed Frame,10,292.42,2022-06-12,Canada
ORD100850,CUST6123,Coffee Table,8,1312.66,2021-12-27,India
ORD100851,CUST8200,Sofa,5,612.43,2023-10-31,UK
ORD100852,CUST5064,TV Stand,3,53.56,2023-12-17,China
ORD100853,CUST1404,Office Chair,7,154.75,2022-10-14,Canada
ORD100854,CUST6806,Wardrobe,7,1551.33,2022-02-07,Australia
ORD100855,CUST4709,Dresser,1,1079.12,2022-10-08,Germany
ORD100856,CUST2079,Wardrobe,7,1302.72,2022-10-19,Japan
ORD100857,CUST8469,TV Stand,3,1016.72,2021-12-06,China
ORD100858,CUST9387,Office Chair,8,1958.91,2022-12-04,Brazil
ORD100859,CUST5082,TV Stand,2,1326.44,2022-09-10,USA
ORD100860,CUST5291,Wardrobe,1,177.48,2023-11-09,India
ORD100861,CUST4567,Recliner,3,800.9,2023-06-16,Australia
ORD100862,CUST6438,Recliner,3,652.4,2024-06-08,Australia
ORD100863,CUST4322,Wardrobe,3,1043.23,2023-12-04,France
ORD100864,CUST7368,Bookshelf,10,873.95,2024-03-08,Australia
ORD100865,CUST6469,Bookshelf,6,1647.94,2023-05-27,Japan
ORD100866,CUST3814,Recliner,3,1368.35,2023-10-24,USA
ORD100867,CUST8121,Recliner,5,535.55,2022-04-17,Japan
ORD100868,CUST6166,Recliner,10,1039.33,2023-11-25,India
ORD100869,CUST4668,TV Stand,9,838.93,2021-12-11,Germany
ORD100870,CUST8908,Bed Frame,1,1741.56,2022-11-07,Japan
ORD100871,CUST4366,TV Stand,7,770.39,2023-09-12,France
ORD100872,CUST7329,Dresser,6,753.43,2024-02-10,Canada
ORD100873,CUST7894,Dresser,6,1239.92,2024-04-11,Japan
ORD100874,CUST1068,Wardrobe,9,366.0,2024-10-01,Canada
ORD100875,CUST8163,Dresser,10,1434.12,2024-03-30,Canada
ORD100876,CUST9380,Dresser,5,79.08,2024-10-13,China
ORD100877,CUST4186,TV Stand,7,451.22,2022-10-27,Canada
ORD100878,CUST8083,Sofa,7,742.29,2024-03-20,China
ORD100879,CUST8374,Bookshelf,4,225.38,2022-11-26,Canada
ORD100880,CUST7690,Bookshelf,1,1693.46,2024-02-22,Canada
ORD100881,CUST5525,Bookshelf,6,335.6,2022-07-26,USA
ORD100882,CUST9247,Dining Table,8,1510.8,2024-07-05,USA
ORD100883,CUST8116,TV Stand,3,1261.04,2021-12-07,USA
ORD100884,CUST7976,Bed Frame,2,1694.2,2021-12-24,UK
ORD100885,CUST2067,Coffee Table,3,837.35,2023-11-18,USA
ORD100886,CUST4588,Dining Table,8,311.35,2022-07-28,USA
ORD100887,CUST8834,Dining Table,3,1665.97,2024-10-08,USA
ORD100888,CUST8967,Coffee Table,8,1085.61,2023-09-11,Japan
ORD100889,CUST1706,Dining Table,1,715.22,2024-07-24,China
ORD100890,CUST5364,Office Chair,2,702.6,2023-05-19,Germany
ORD100891,CUST4699,Office Chair,5,690.18,2023-02-09,Australia
ORD100892,CUST1598,Recliner,8,1793.88,2023-11-26,UK
ORD100893,CUST7095,Bed Frame,2,1609.42,2024-09-13,India
ORD100894,CUST2172,Recliner,8,65.95,2024-05-26,Japan
ORD100895,CUST9569,Dresser,6,1243.45,2021-10-25,Brazil
ORD100896,CUST1226,Bed Frame,7,1867.17,2022-12-02,Canada
ORD100897,CUST4984,Bookshelf,8,1260.9,2021-10-27,Canada
ORD100898,CUST7906,Office Chair,3,1909.21,2024-05-09,Canada
ORD100899,CUST3092,TV Stand,4,934.61,2022-07-31,China
ORD100900,CUST7967,Coffee Table,7,1039.26,2024-01-05,Canada
ORD100901,CUST4279,Wardrobe,4,333.26,2024-02-25,Germany
ORD100902,CUST7163,Sofa,10,1256.98,2022-07-12,USA
ORD100903,CUST2312,Wardrobe,7,1254.67,2024-07-22,Canada
ORD100904,CUST8542,Sofa,1,1432.35,2024-02-13,Japan
ORD100905,CUST5529,Bookshelf,8,1020.16,2021-10-18,Canada
ORD100906,CUST2488,Bookshelf,4,494.28,2024-07-22,Germany
ORD100907,CUST5789,Office Chair,8,707.35,2024-01-28,UK
ORD100908,CUST6469,Bookshelf,1,813.51,2024-06-01,France
ORD100909,CUST6379,Wardrobe,6,760.77,2021-10-18,Brazil
ORD100910,CUST5579,Sofa,9,1570.46,2024-06-16,Australia
ORD100911,CUST6656,Coffee Table,10,1443.46,2024-09-21,Japan
ORD100912,CUST5834,Recliner,8,1352.22,2022-08-21,USA
ORD100913,CUST4296,Dining Table,2,1891.96,2022-03-22,UK
ORD100914,CUST8250,Dining Table,5,418.03,2021-12-22,Canada
ORD100915,CUST2134,Office Chair,3,1477.86,2022-07-03,France
ORD100916,CUST3494,Dining Table,10,1971.05,2023-08-21,Brazil
ORD100917,CUST4350,Office Chair,7,607.43,2023-09-15,UK
ORD100918,CUST3766,Bed Frame,8,953.37,2024-02-23,Canada
ORD100919,CUST3119,Bookshelf,7,1421.02,2021-12-11,UK
ORD100920,CUST9056,Recliner,7,1984.52,2024-01-05,Australia
ORD100921,CUST2082,Dining Table,7,1112.39,2022-05-07,Australia
ORD100922,CUST1962,Bookshelf,8,357.54,2022-03-07,France
ORD100923,CUST1611,Dining Table,4,1736.42,2024-01-11,Brazil
ORD100924,CUST2924,Dresser,6,94.7,2023-06-08,Germany
ORD100925,CUST7727,Wardrobe,7,1478.18,2022-12-20,Brazil
ORD100926,CUST4718,Dining Table,8,902.44,2024-01-13,Japan
ORD100927,CUST7573,TV Stand,8,1017.17,2024-06-10,Brazil
ORD100928,CUST3628,Dresser,8,843.06,2023-08-05,Australia
ORD100929,CUST1437,Sofa,3,302.98,2022-01-28,Japan
ORD100930,CUST7111,Dresser,4,1654.05,2023-11-25,France
ORD100931,CUST6345,Office Chair,1,1344.26,2022-11-18,France
ORD100932,CUST7517,Recliner,3,1810.68,2024-02-11,Brazil
ORD100933,CUST5330,Wardrobe,9,767.27,2024-06-22,Canada
ORD100934,CUST3142,TV Stand,4,1734.29,2024-05-14,Brazil
ORD100935,CUST3582,Coffee Table,1,1508.92,2022-04-07,Japan
ORD100936,CUST9536,Bed Frame,6,1787.17,2023-04-01,China
ORD100937,CUST2210,Sofa,2,189.93,2024-01-08,China
ORD100938,CUST5035,Bookshelf,9,752.77,2024-09-10,France
ORD100939,CUST1510,Recliner,7,178.13,2022-12-03,Australia
ORD100940,CUST3848,Wardrobe,7,1101.8,2021-11-24,Japan
ORD100941,CUST4655,Recliner,6,1441.49,2023-04-02,France
ORD100942,CUST1207,Sofa,5,124.26,2023-11-10,India
ORD100943,CUST4403,Bed Frame,6,1346.06,2023-12-17,Canada
ORD100944,CUST6804,Bed Frame,7,1568.8,2022-01-09,China
ORD100945,CUST5004,Wardrobe,10,791.12,2022-09-30,Australia
ORD100946,CUST6121,TV Stand,8,1016.44,2024-07-26,Germany
ORD100947,CUST9237,Coffee Table,5,500.92,2022-04-20,Japan
ORD100948,CUST7545,Bed Frame,4,1516.58,2021-10-31,USA
ORD100949,CUST1502,Sofa,5,402.04,2022-02-04,Brazil
ORD100950,CUST7505,Coffee Table,4,160.27,2022-06-20,Germany
ORD100951,CUST7975,Office Chair,10,313.26,2024-01-02,USA
ORD100952,CUST1736,Office Chair,2,650.58,2024-06-12,Australia
ORD100953,CUST4630,Office Chair,6,1934.57,2024-10-12,Canada
ORD100954,CUST9843,Coffee Table,10,80.9,2024-02-22,USA
ORD100955,CUST2354,Dresser,2,801.99,2023-07-15,UK
ORD100956,CUST6015,Coffee Table,2,635.7,2024-02-14,Brazil
ORD100957,CUST6678,Recliner,1,801.25,2023-10-23,UK
ORD100958,CUST5301,Dining Table,4,969.96,2023-06-22,Canada
ORD100959,CUST2507,Bookshelf,2,1939.73,2023-11-12,China
ORD100960,CUST4248,Dresser,7,947.69,2022-11-13,Brazil
ORD100961,CUST7309,TV Stand,4,1389.94,2022-03-11,Australia
ORD100962,CUST9895,Dresser,3,1513.41,2024-02-26,Australia
ORD100963,CUST9353,Sofa,5,1338.04,2022-05-23,China
ORD100964,CUST1536,TV Stand,4,977.25,2022-01-30,Canada
ORD100965,CUST2525,Dining Table,2,1109.13,2023-07-18,Japan
ORD100966,CUST6602,Office Chair,7,52.97,2021-12-29,UK
ORD100967,CUST5353,Office Chair,1,1116.31,2024-01-28,China
ORD100968,CUST7561,TV Stand,7,1802.86,2023-03-08,UK
ORD100969,CUST8768,Bed Frame,8,1266.3,2022-11-20,Australia
ORD100970,CUST7608,Wardrobe,9,220.57,2024-08-20,Australia
ORD100971,CUST9416,Dining Table,6,1610.47,2024-02-08,China
ORD100972,CUST2277,Dresser,1,915.33,2022-07-14,Japan
ORD100973,CUST2406,Dresser,4,172.08,2022-07-02,UK
ORD100974,CUST6558,Coffee Table,1,728.76,2024-06-15,USA
ORD100975,CUST5699,Bed Frame,4,717.16,2023-05-11,Brazil
ORD100976,CUST7350,TV Stand,2,1720.92,2023-10-07,USA
ORD100977,CUST1631,Recliner,1,558.41,2024-09-17,India
ORD100978,CUST1333,Dining Table,3,1039.92,2022-09-28,Germany
ORD100979,CUST4651,Bookshelf,7,400.11,2024-08-25,Brazil
ORD100980,CUST3842,Office Chair,8,1081.8,2023-02-07,Australia
ORD100981,CUST3093,Recliner,7,1771.05,2022-06-22,Japan
ORD100982,CUST1122,Office Chair,10,147.89,2023-10-01,Canada
ORD100983,CUST3256,Dresser,3,719.43,2023-10-30,Japan
ORD100984,CUST6476,TV Stand,7,1413.45,2024-01-25,Brazil
ORD100985,CUST4664,Office Chair,2,893.33,2023-05-15,Japan
ORD100986,CUST2611,Recliner,8,1618.3,2022-05-04,Canada
ORD100987,CUST8490,Dresser,9,385.05,2024-01-03,France
ORD100988,CUST2557,Dining Table,1,1208.41,2023-07-30,Australia
ORD100989,CUST3567,Bed Frame,9,1109.28,2024-02-08,USA
ORD100990,CUST5085,Office Chair,10,581.23,2022-09-27,Japan
ORD100991,CUST2324,Coffee Table,7,885.01,2024-03-14,USA
ORD100992,CUST6007,TV Stand,7,914.49,2022-09-27,UK
ORD100993,CUST6795,Dresser,4,365.17,2023-08-23,USA
ORD100994,CUST9170,TV Stand,6,1878.76,2023-02-04,Brazil
ORD100995,CUST8411,Recliner,9,998.31,2021-10-29,France
ORD100996,CUST2736,Wardrobe,7,1193.72,2023-08-08,India
ORD100997,CUST2640,Office Chair,3,1982.84,2024-08-08,France
ORD100998,CUST7689,Office Chair,9,350.07,2023-05-08,Australia
ORD100999,CUST7747,TV Stand,5,1595.2,2024-07-28,India
ORD101000,CUST9205,Office Chair,5,1560.08,2022-07-29,China
ORD101001,CUST2045,TV Stand,8,594.69,2023-10-24,UK
ORD101002,CUST5568,Dining Table,10,442.98,2024-03-12,Germany
ORD101003,CUST6885,Wardrobe,7,459.17,2023-09-06,USA
ORD101004,CUST7866,Wardrobe,6,1932.91,2021-10-27,India
ORD101005,CUST6381,Sofa,7,145.49,2022-09-29,Brazil
ORD101006,CUST8294,Bed Frame,3,1193.84,2022-04-25,India
ORD101007,CUST1845,Bookshelf,3,673.63,2023-01-25,Australia
ORD101008,CUST2865,Bookshelf,2,1749.56,2022-04-04,France
ORD101009,CUST2426,Office Chair,2,494.63,2022-06-22,Germany
ORD101010,CUST8104,Recliner,9,110.23,2022-07-26,India
ORD101011,CUST2640,Bed Frame,9,301.24,2023-04-16,Canada
ORD101012,CUST5229,TV Stand,3,1408.88,2022-01-03,China
ORD101013,CUST8392,TV Stand,9,1088.52,2024-04-07,USA
ORD101014,CUST3534,TV Stand,2,1756.15,2022-03-23,Australia
ORD101015,CUST6318,Bed Frame,5,1087.97,2023-01-14,India
ORD101016,CUST5981,Sofa,7,1633.27,2023-11-16,Australia
ORD101017,CUST2809,Office Chair,9,263.82,2024-03-02,Canada
ORD101018,CUST9331,Recliner,6,1740.61,2024-09-20,Brazil
ORD101019,CUST5815,Office Chair,1,1181.77,2022-06-05,China
ORD101020,CUST9942,Office Chair,8,1828.43,2024-07-18,Brazil
ORD101021,CUST2955,Dresser,5,1256.44,2022-03-25,Brazil
ORD101022,CUST1264,Recliner,5,1017.79,2022-08-18,Japan
ORD101023,CUST9323,Sofa,5,1982.29,2022-03-23,France
ORD101024,CUST2107,Recliner,9,1843.07,2022-08-30,China
ORD101025,CUST1385,Bed Frame,10,528.97,2022-02-20,China
ORD101026,CUST7524,Bookshelf,9,1664.69,2022-06-28,France
ORD101027,CUST5578,Sofa,8,364.27,2023-08-25,France
ORD101028,CUST3068,Dining Table,4,650.47,2023-07-28,Australia
ORD101029,CUST5015,Bookshelf,7,1678.72,2022-12-31,Brazil
ORD101030,CUST7969,Sofa,10,686.22,2023-06-18,Brazil
ORD101031,CUST9739,Dresser,4,423.64,2021-12-20,France
ORD101032,CUST3446,Dining Table,3,178.16,2023-11-03,UK
ORD101033,CUST5676,Recliner,10,1491.58,2024-04-23,Japan
ORD101034,CUST2299,Office Chair,8,1632.18,2023-06-16,USA
ORD101035,CUST7523,Dining Table,7,1477.13,2024-07-15,UK
ORD101036,CUST3411,Office Chair,3,854.26,2023-03-07,India
ORD101037,CUST3026,Sofa,3,1055.06,2024-05-11,Germany
ORD101038,CUST3182,Coffee Table,6,313.23,2023-02-17,China
ORD101039,CUST3683,Dresser,6,510.03,2024-06-07,USA
ORD101040,CUST5858,Dining Table,7,1573.09,2022-07-15,Australia
ORD101041,CUST1944,Recliner,7,666.51,2022-03-16,Australia
ORD101042,CUST7822,Coffee Table,3,1674.52,2023-11-22,Japan
ORD101043,CUST1470,Sofa,10,1811.12,2022-04-27,India
ORD101044,CUST2221,Dresser,8,1774.62,2023-02-18,India
ORD101045,CUST3543,Wardrobe,10,1723.1,2024-03-20,UK
ORD101046,CUST9321,Dresser,2,1392.03,2023-03-10,Germany
ORD101047,CUST2925,Coffee Table,3,1027.43,2022-03-20,Brazil
ORD101048,CUST9382,Sofa,8,1958.1,2022-08-21,Brazil
ORD101049,CUST6483,Bed Frame,4,500.32,2021-11-28,Japan
ORD101050,CUST8247,Bed Frame,7,578.65,2024-04-30,Germany
ORD101051,CUST4214,Sofa,2,1586.48,2022-07-01,Japan
ORD101052,CUST6444,Wardrobe,7,1860.92,2022-05-01,Germany
ORD101053,CUST7450,Sofa,2,1791.43,2024-03-20,China
ORD101054,CUST3530,Wardrobe,5,425.04,2024-09-16,Brazil
ORD101055,CUST9972,Bookshelf,1,1092.53,2021-12-23,Brazil
ORD101056,CUST2879,Coffee Table,8,971.53,2024-08-29,Brazil
ORD101057,CUST2318,Bookshelf,10,1393.38,2022-04-04,Germany
ORD101058,CUST3613,TV Stand,6,283.79,2024-01-02,Japan
ORD101059,CUST8035,Coffee Table,2,1655.39,2021-10-23,UK
ORD101060,CUST9964,Recliner,2,976.74,2022-06-13,USA
ORD101061,CUST3343,Dining Table,1,756.38,2024-04-20,Australia
ORD101062,CUST7063,Bookshelf,8,1750.93,2023-01-24,Japan
ORD101063,CUST6456,Bookshelf,7,1975.23,2022-07-30,Germany
ORD101064,CUST5033,Wardrobe,8,1034.62,2023-08-26,Germany
ORD101065,CUST5256,Dining Table,4,765.68,2023-10-29,France
ORD101066,CUST5310,Bed Frame,7,815.71,2022-11-19,Germany
ORD101067,CUST5576,Dining Table,7,1468.45,2022-11-25,UK
ORD101068,CUST8972,Coffee Table,7,1636.62,2022-02-25,France
ORD101069,CUST2541,Office Chair,6,790.95,2023-07-30,Brazil
ORD101070,CUST7829,TV Stand,7,82.99,2022-01-01,China
ORD101071,CUST2959,TV Stand,2,1678.83,2023-09-30,USA
ORD101072,CUST2337,Sofa,3,221.25,2023-07-29,Germany
ORD101073,CUST6721,Coffee Table,1,1180.3,2023-01-05,Japan
ORD101074,CUST8072,Sofa,3,1640.56,2024-01-26,Germany
ORD101075,CUST9811,Recliner,1,1040.71,2024-02-04,Australia
ORD101076,CUST8480,Bed Frame,10,433.36,2022-12-30,Germany
ORD101077,CUST1513,Dining Table,2,1031.4,2024-09-03,Canada
ORD101078,CUST4079,Wardrobe,3,1577.26,2022-01-17,Japan
ORD101079,CUST6126,Coffee Table,6,80.27,2022-04-09,USA
ORD101080,CUST8092,Wardrobe,9,350.55,2024-07-14,Canada
ORD101081,CUST5545,Dining Table,4,1473.31,2023-05-24,Australia
ORD101082,CUST8613,Office Chair,7,214.27,2024-03-21,France
ORD101083,CUST5137,Dresser,7,1811.05,2023-09-24,Germany
ORD101084,CUST3851,Bookshelf,10,1183.95,2024-04-30,Brazil
ORD101085,CUST1209,Bed Frame,8,544.94,2022-04-30,China
ORD101086,CUST7161,Bookshelf,5,198.24,2022-04-07,Japan
ORD101087,CUST3204,Dining Table,10,348.43,2023-05-24,Germany
ORD101088,CUST7116,Coffee Table,4,1555.6,2023-07-29,UK
ORD101089,CUST7299,Coffee Table,10,1236.72,2022-09-11,India
ORD101090,CUST4267,Wardrobe,7,615.96,2023-04-25,Canada
ORD101091,CUST8213,Dresser,8,870.64,2023-02-12,France
ORD101092,CUST9200,Bookshelf,5,1530.76,2024-01-05,Japan
ORD101093,CUST7300,Bookshelf,9,1313.33,2024-10-08,Germany
ORD101094,CUST1097,TV Stand,6,668.37,2023-05-30,Japan
ORD101095,CUST3116,Dining Table,3,1852.43,2021-10-19,France
ORD101096,CUST5331,Coffee Table,10,1006.82,2023-07-02,USA
ORD101097,CUST2771,Dining Table,5,408.81,2022-03-22,Brazil
ORD101098,CUST2738,Bookshelf,8,259.04,2021-12-25,Japan
ORD101099,CUST4627,Bookshelf,8,1440.96,2023-04-26,France
ORD101100,CUST4209,Dining Table,9,1249.67,2024-08-07,Japan
ORD101101,CUST1189,Coffee Table,1,1205.84,2024-09-02,USA
ORD101102,CUST2768,Office Chair,1,1449.94,2023-08-02,Brazil
ORD101103,CUST7139,Sofa,1,150.67,2022-02-12,USA
ORD101104,CUST1995,Sofa,10,948.53,2023-10-04,Brazil
ORD101105,CUST9666,TV Stand,1,1616.72,2023-07-27,USA
ORD101106,CUST9675,Bed Frame,9,1265.25,2022-03-20,USA
ORD101107,CUST6304,Wardrobe,6,1344.7,2024-10-04,UK
ORD101108,CUST7221,Bed Frame,4,340.54,2022-10-11,UK
ORD101109,CUST4379,TV Stand,9,1661.87,2024-03-14,Canada
ORD101110,CUST8992,Coffee Table,5,135.63,2023-05-28,Germany
ORD101111,CUST5819,Bookshelf,7,651.47,2024-05-22,Australia
ORD101112,CUST3953,Office Chair,6,390.47,2023-02-01,Australia
ORD101113,CUST6846,TV Stand,1,1982.53,2022-08-24,China
ORD101114,CUST9366,Dresser,6,912.38,2021-11-05,Brazil
ORD101115,CUST5036,Bed Frame,5,1610.33,2023-07-07,China
ORD101116,CUST2349,Bookshelf,2,462.1,2022-10-29,India
ORD101117,CUST5970,TV Stand,1,151.74,2022-06-25,France
ORD101118,CUST2421,Office Chair,4,1911.19,2022-06-24,India
ORD101119,CUST3516,Office Chair,6,1587.8,2024-03-15,Germany
ORD101120,CUST7071,Sofa,3,1048.98,2023-06-27,Australia
ORD101121,CUST8167,Coffee Table,3,1998.52,2024-03-07,Australia
ORD101122,CUST2729,TV Stand,1,566.23,2022-07-08,India
ORD101123,CUST4827,Coffee Table,10,1693.83,2024-02-22,Japan
ORD101124,CUST1278,Bookshelf,3,360.18,2024-08-05,France
ORD101125,CUST7666,Office Chair,9,1668.1,2024-03-04,India
ORD101126,CUST5013,TV Stand,3,441.64,2023-01-30,UK
ORD101127,CUST1598,Wardrobe,4,225.88,2022-02-23,Brazil
ORD101128,CUST1880,Dining Table,1,956.05,2024-03-22,India
ORD101129,CUST4488,Sofa,4,416.06,2021-12-22,Japan
ORD101130,CUST1348,TV Stand,4,1161.45,2022-03-01,Japan
ORD101131,CUST3151,Recliner,8,953.05,2022-02-07,Canada
ORD101132,CUST2965,Recliner,3,337.85,2023-10-23,India
ORD101133,CUST1668,Bed Frame,4,1663.29,2023-11-08,France
ORD101134,CUST7421,Dresser,4,1718.54,2022-03-24,Brazil
ORD101135,CUST6697,TV Stand,2,385.03,2023-06-22,Australia
ORD101136,CUST7928,Wardrobe,7,1889.34,2022-05-26,USA
ORD101137,CUST2305,Dining Table,10,1540.39,2022-09-04,USA
ORD101138,CUST7079,Sofa,10,1695.26,2023-05-01,China
ORD101139,CUST7906,Bed Frame,6,1618.94,2022-05-17,Japan
ORD101140,CUST4001,Sofa,4,1582.85,2024-09-23,Australia
ORD101141,CUST1041,Sofa,6,1383.82,2023-03-25,India
ORD101142,CUST3290,Sofa,9,1541.71,2022-10-26,UK
ORD101143,CUST4204,Wardrobe,1,1474.55,2023-10-25,Brazil
ORD101144,CUST5741,Dining Table,1,1405.77,2024-08-10,Japan
ORD101145,CUST4778,Dresser,10,1402.93,2024-08-12,Brazil
ORD101146,CUST5078,TV Stand,2,167.96,2023-02-05,France
ORD101147,CUST3031,Recliner,6,1584.39,2023-11-24,India
ORD101148,CUST9733,Office Chair,10,1338.69,2021-11-20,USA
ORD101149,CUST1722,Coffee Table,6,645.62,2022-07-19,Australia
ORD101150,CUST6509,Office Chair,8,1154.78,2024-09-13,Germany
ORD101151,CUST5043,Coffee Table,2,1755.28,2024-02-07,Brazil
ORD101152,CUST7789,Bookshelf,2,96.03,2023-04-20,France
ORD101153,CUST5388,Dresser,3,55.29,2021-11-20,Germany
ORD101154,CUST2726,Dining Table,3,335.29,2023-09-09,Japan
ORD101155,CUST1878,Office Chair,7,1764.77,2024-08-29,USA
ORD101156,CUST8499,Bookshelf,8,365.1,2023-12-30,Australia
ORD101157,CUST9468,Dresser,3,729.2,2023-03-14,Germany
ORD101158,CUST1282,Recliner,3,57.36,2022-09-29,UK
ORD101159,CUST4146,Recliner,5,1489.47,2023-05-13,Japan
ORD101160,CUST2242,Wardrobe,8,1665.79,2022-02-19,China
ORD101161,CUST4822,Recliner,7,1888.61,2022-04-04,Germany
ORD101162,CUST6852,Recliner,7,1016.48,2022-06-20,Brazil
ORD101163,CUST7896,Dining Table,3,1778.89,2022-01-22,Canada
ORD101164,CUST3844,Dresser,8,1853.28,2022-02-28,USA
ORD101165,CUST8547,Coffee Table,9,946.64,2022-08-14,Brazil
ORD101166,CUST7740,Recliner,6,951.55,2024-09-02,UK
ORD101167,CUST1842,Bed Frame,6,1762.25,2024-01-25,Japan
ORD101168,CUST6395,Dresser,9,1893.35,2024-05-28,Germany
ORD101169,CUST2633,Coffee Table,1,1103.79,2024-07-14,Australia
ORD101170,CUST5887,Wardrobe,7,587.85,2023-06-11,Japan
ORD101171,CUST8777,Office Chair,3,190.08,2021-11-24,Japan
ORD101172,CUST7297,Wardrobe,2,836.7,2024-05-01,Canada
ORD101173,CUST2767,Bookshelf,5,815.36,2024-01-17,Canada
ORD101174,CUST7106,Sofa,1,768.26,2021-10-18,UK
ORD101175,CUST6615,Dining Table,8,1066.0,2022-11-22,China
ORD101176,CUST3954,Bookshelf,8,1434.7,2023-04-12,Japan
ORD101177,CUST1884,Coffee Table,7,728.46,2022-06-17,Japan
ORD101178,CUST7694,Bed Frame,5,1744.82,2024-01-14,Canada
ORD101179,CUST3428,Office Chair,6,726.82,2021-11-30,Japan
ORD101180,CUST9481,Bookshelf,6,325.48,2023-05-24,USA
ORD101181,CUST9859,TV Stand,9,326.26,2023-11-29,Brazil
ORD101182,CUST1907,Bed Frame,9,367.31,2022-03-25,USA
ORD101183,CUST7825,TV Stand,9,1830.41,2023-03-25,Japan
ORD101184,CUST9214,Dining Table,3,649.65,2023-05-12,Germany
ORD101185,CUST9336,Wardrobe,7,408.98,2023-11-24,UK
ORD101186,CUST5478,Recliner,10,729.69,2023-08-07,Australia
ORD101187,CUST6138,Bookshelf,9,1407.39,2023-10-23,UK
ORD101188,CUST7610,Wardrobe,3,362.6,2021-11-28,France
ORD101189,CUST8523,Bed Frame,3,285.21,2021-11-28,Canada
ORD101190,CUST6872,Sofa,7,667.92,2023-01-15,Brazil
ORD101191,CUST3994,Dining Table,5,772.65,2023-06-25,Japan
ORD101192,CUST1363,Dresser,6,880.38,2024-09-09,USA
ORD101193,CUST5937,Recliner,6,1124.78,2024-04-04,Japan
ORD101194,CUST2851,Recliner,5,1813.64,2021-10-23,France
ORD101195,CUST3473,Dresser,6,713.52,2023-12-09,China
ORD101196,CUST9761,Bookshelf,7,1729.8,2022-09-09,Canada
ORD101197,CUST8296,Dining Table,10,801.4,2023-03-17,USA
ORD101198,CUST9261,Bed Frame,1,1009.3,2024-02-12,Japan
ORD101199,CUST4060,Wardrobe,1,1275.17,2023-06-20,Canada
ORD101200,CUST7451,Bookshelf,5,81.95,2024-01-20,UK
ORD101201,CUST2052,Bed Frame,7,796.06,2024-04-11,USA
ORD101202,CUST1767,TV Stand,9,1123.72,2023-07-29,Australia
ORD101203,CUST8060,Wardrobe,9,849.88,2022-08-01,USA
ORD101204,CUST3662,TV Stand,9,309.06,2024-03-19,USA
ORD101205,CUST4080,Sofa,6,154.98,2024-05-31,Australia
ORD101206,CUST9755,Office Chair,4,231.84,2024-09-30,USA
ORD101207,CUST2254,Office Chair,8,339.79,2021-12-28,UK
ORD101208,CUST9006,Bed Frame,5,1501.5,2023-12-01,China
ORD101209,CUST5974,Office Chair,10,1169.63,2023-02-18,Australia
ORD101210,CUST9683,Bed Frame,7,1943.56,2023-03-26,Australia
ORD101211,CUST7749,TV Stand,3,763.93,2022-10-04,Canada
ORD101212,CUST7184,Bookshelf,9,473.58,2023-12-08,Brazil
ORD101213,CUST7542,Wardrobe,2,1249.72,2023-07-02,Japan
ORD101214,CUST6530,Recliner,4,1569.22,2022-08-09,UK
ORD101215,CUST7560,Bookshelf,9,1451.87,2023-01-21,Japan
ORD101216,CUST6966,TV Stand,8,1151.34,2023-08-02,Australia
ORD101217,CUST4307,Office Chair,7,1662.64,2024-03-03,Japan
ORD101218,CUST9307,Office Chair,8,725.05,2023-04-09,France
ORD101219,CUST5260,Dining Table,10,627.35,2023-02-28,Germany
ORD101220,CUST8902,Wardrobe,10,587.36,2023-04-30,Australia
ORD101221,CUST5165,Bed Frame,9,1016.94,2022-11-11,China
ORD101222,CUST4130,Sofa,6,1307.69,2022-09-02,Japan
ORD101223,CUST9744,Recliner,8,1024.26,2024-02-20,Germany
ORD101224,CUST1472,Dresser,6,1773.74,2022-08-28,France
ORD101225,CUST6200,TV Stand,9,1630.62,2021-11-21,Germany
ORD101226,CUST9245,Wardrobe,4,51.93,2023-04-09,Australia
ORD101227,CUST1399,Wardrobe,7,1732.23,2022-06-07,USA
ORD101228,CUST7527,Recliner,3,88.57,2024-09-06,Australia
ORD101229,CUST6460,Recliner,4,431.24,2022-08-29,Australia
ORD101230,CUST2851,TV Stand,7,110.0,2022-11-05,Japan
ORD101231,CUST3566,Bed Frame,5,224.33,2021-12-27,UK
ORD101232,CUST1383,Wardrobe,5,310.33,2024-06-10,Brazil
ORD101233,CUST8924,Recliner,4,694.07,2024-02-04,UK
ORD101234,CUST1110,Dining Table,4,1426.96,2023-12-09,India
ORD101235,CUST8183,Bookshelf,5,1690.21,2022-07-16,France
ORD101236,CUST4573,Wardrobe,10,1385.81,2022-01-05,Australia
ORD101237,CUST6513,Office Chair,4,1319.84,2022-03-09,China
ORD101238,CUST4764,Coffee Table,8,1832.44,2021-10-28,Germany
ORD101239,CUST1163,Bookshelf,2,69.79,2022-07-13,India
ORD101240,CUST5811,Bed Frame,2,1267.71,2023-09-28,Japan
ORD101241,CUST3550,Dresser,9,1653.07,2023-09-19,India
ORD101242,CUST7490,Office Chair,9,1208.9,2022-04-21,USA
ORD101243,CUST6132,TV Stand,5,704.99,2023-01-23,Germany
ORD101244,CUST8784,Sofa,5,185.78,2024-07-23,Australia
ORD101245,CUST5404,Office Chair,8,745.31,2022-07-11,USA
ORD101246,CUST1248,Dresser,8,679.99,2023-02-12,India
ORD101247,CUST5214,Wardrobe,6,1601.28,2022-05-17,Australia
ORD101248,CUST1849,Recliner,1,1223.71,2024-04-30,UK
ORD101249,CUST4425,Office Chair,8,459.93,2023-01-23,Australia
ORD101250,CUST4081,Bed Frame,3,1467.66,2024-01-16,Canada
ORD101251,CUST7585,Recliner,1,1892.29,2023-05-05,Brazil
ORD101252,CUST8672,Bookshelf,1,223.31,2023-04-04,China
ORD101253,CUST3157,Office Chair,3,624.53,2022-07-01,UK
ORD101254,CUST4485,Sofa,4,716.28,2024-07-27,Germany
ORD101255,CUST7513,Dining Table,3,1653.85,2024-09-20,Germany
ORD101256,CUST7854,Recliner,3,1758.68,2022-06-22,Brazil
ORD101257,CUST6213,Coffee Table,1,1976.97,2024-01-07,India
ORD101258,CUST6767,Recliner,2,663.26,2023-06-05,Japan
ORD101259,CUST9146,TV Stand,4,1555.88,2021-12-18,Japan
ORD101260,CUST5555,TV Stand,3,142.86,2022-07-23,Brazil
ORD101261,CUST9972,Bookshelf,5,1805.9,2023-06-27,Japan
ORD101262,CUST6179,Office Chair,2,919.68,2023-10-01,Australia
ORD101263,CUST1114,Office Chair,3,1550.63,2022-02-10,Australia
ORD101264,CUST5700,Bookshelf,3,939.83,2024-09-06,Japan
ORD101265,CUST5090,TV Stand,10,1740.16,2023-10-01,UK
ORD101266,CUST2349,Coffee Table,9,1603.06,2021-12-05,UK
ORD101267,CUST4844,Wardrobe,8,1359.14,2023-08-30,France
ORD101268,CUST8002,Dresser,1,1088.35,2022-10-24,China
ORD101269,CUST2704,Office Chair,3,1795.38,2022-04-25,Japan
ORD101270,CUST6297,Sofa,6,418.73,2022-05-27,Japan
ORD101271,CUST4102,Dresser,9,926.8,2024-06-23,India
ORD101272,CUST5965,TV Stand,6,319.97,2022-12-20,UK
ORD101273,CUST2761,Office Chair,4,1403.7,2023-07-10,Germany
ORD101274,CUST7012,Bookshelf,4,1419.34,2023-10-26,France
ORD101275,CUST5189,TV Stand,3,777.08,2024-04-21,China
ORD101276,CUST9959,Bookshelf,9,895.63,2024-06-18,France
ORD101277,CUST9835,Wardrobe,9,818.09,2022-12-14,USA
ORD101278,CUST8356,Office Chair,8,1430.27,2022-09-05,Japan
ORD101279,CUST8217,Office Chair,1,1455.7,2021-12-22,China
ORD101280,CUST3775,Wardrobe,7,536.81,2022-11-19,Australia
ORD101281,CUST8706,Office Chair,8,899.69,2023-06-14,Germany
ORD101282,CUST9158,Bed Frame,2,837.26,2023-03-28,Japan
ORD101283,CUST3967,Sofa,3,856.21,2021-10-20,Japan
ORD101284,CUST5023,Wardrobe,8,1486.14,2022-11-28,Germany
ORD101285,CUST1902,Wardrobe,2,1386.14,2024-09-11,Japan
ORD101286,CUST3008,Dining Table,5,451.5,2022-06-17,USA
ORD101287,CUST2419,Wardrobe,6,1188.26,2023-10-26,Germany
ORD101288,CUST2270,Dining Table,7,1491.14,2023-07-04,USA
ORD101289,CUST3227,Sofa,1,1858.73,2022-06-08,India
ORD101290,CUST5297,Bookshelf,7,435.53,2024-03-27,Germany
ORD101291,CUST6183,Dining Table,3,1250.4,2022-09-14,India
ORD101292,CUST2346,Dining Table,6,1829.27,2024-02-14,Australia
ORD101293,CUST3743,Wardrobe,7,1397.42,2024-03-23,Australia
ORD101294,CUST8159,Dresser,1,715.94,2024-06-17,Japan
ORD101295,CUST8958,Dining Table,3,231.12,2023-01-24,Germany
ORD101296,CUST6796,Dresser,8,571.59,2024-04-23,Japan
ORD101297,CUST2906,Dining Table,5,202.03,2024-05-15,China
ORD101298,CUST7204,Sofa,3,1478.32,2023-03-12,UK
ORD101299,CUST7287,Office Chair,9,1493.77,2023-04-07,India
ORD101300,CUST6412,TV Stand,5,1928.99,2022-03-07,UK
ORD101301,CUST8825,Recliner,1,397.34,2024-09-09,France
ORD101302,CUST2830,Dresser,2,1787.34,2024-04-03,Japan
ORD101303,CUST1218,TV Stand,4,1386.85,2023-08-11,USA
ORD101304,CUST1079,Office Chair,4,1365.71,2023-03-21,Canada
ORD101305,CUST9927,Dining Table,4,377.28,2022-07-05,Canada
ORD101306,CUST2057,Office Chair,8,287.18,2023-01-28,Australia
ORD101307,CUST5545,Bookshelf,9,1293.49,2021-10-27,UK
ORD101308,CUST6810,Recliner,9,1327.12,2023-10-30,Canada
ORD101309,CUST6488,Bookshelf,10,297.57,2024-05-03,UK
ORD101310,CUST8219,Recliner,5,959.86,2023-12-06,Canada
ORD101311,CUST8453,Dining Table,3,1167.04,2022-08-17,Brazil
ORD101312,CUST1326,Office Chair,4,1486.56,2022-11-01,Canada
ORD101313,CUST5167,Office Chair,2,52.05,2022-01-05,Japan
ORD101314,CUST3660,Bookshelf,1,1178.1,2022-06-21,Germany
ORD101315,CUST1194,Office Chair,4,252.39,2022-07-13,China
ORD101316,CUST3308,Coffee Table,4,1925.6,2021-11-15,India
ORD101317,CUST6922,Recliner,5,1732.75,2024-07-16,France
ORD101318,CUST9891,Dining Table,6,1138.05,2022-11-23,China
ORD101319,CUST5765,TV Stand,3,161.37,2024-08-12,India
ORD101320,CUST9580,Bed Frame,9,267.79,2023-11-04,Japan
ORD101321,CUST7869,TV Stand,4,1294.02,2023-11-04,Brazil
ORD101322,CUST2662,Bookshelf,7,1847.53,2023-01-01,Brazil
ORD101323,CUST1987,Dining Table,4,968.58,2023-10-12,Canada
ORD101324,CUST4569,Recliner,4,387.02,2021-12-09,China
ORD101325,CUST6590,Office Chair,10,1063.97,2023-11-24,Australia
ORD101326,CUST8838,Coffee Table,7,1733.02,2023-04-20,Germany
ORD101327,CUST1077,Wardrobe,1,425.65,2021-11-22,Brazil
ORD101328,CUST8081,Dresser,8,818.4,2023-02-17,India
ORD101329,CUST5977,Bed Frame,9,756.73,2023-10-11,Australia
ORD101330,CUST6793,Coffee Table,6,279.78,2023-07-29,USA
ORD101331,CUST5728,Recliner,2,523.43,2023-04-18,Germany
ORD101332,CUST5886,Bookshelf,9,637.7,2023-01-25,France
ORD101333,CUST1058,Sofa,3,849.52,2024-07-21,Germany
ORD101334,CUST1181,Dresser,2,994.02,2022-03-22,Japan
ORD101335,CUST5142,Coffee Table,3,1065.77,2023-09-06,Australia
ORD101336,CUST9780,Dresser,4,976.94,2023-04-10,Germany
ORD101337,CUST7180,Bookshelf,10,1878.49,2024-01-28,China
ORD101338,CUST6728,Bed Frame,10,56.16,2023-03-11,India
ORD101339,CUST2658,Dining Table,6,1487.74,2021-11-21,Japan
ORD101340,CUST6920,Sofa,6,1237.74,2021-10-18,UK
ORD101341,CUST6805,Bed Frame,10,998.84,2023-06-02,Canada
ORD101342,CUST7356,Coffee Table,3,1076.11,2024-02-23,China
ORD101343,CUST6118,Sofa,3,1292.82,2024-09-28,Australia
ORD101344,CUST3700,Bookshelf,3,1140.64,2023-08-10,USA
ORD101345,CUST6349,TV Stand,5,1464.51,2023-11-28,China
ORD101346,CUST3098,Bookshelf,7,537.21,2022-11-27,France
ORD101347,CUST1563,Bed Frame,1,890.12,2023-01-09,Australia
ORD101348,CUST9381,Bookshelf,6,1785.16,2023-05-24,USA
ORD101349,CUST8933,Dining Table,10,1349.19,2023-11-17,India
ORD101350,CUST4603,Office Chair,5,1553.98,2024-08-15,France
ORD101351,CUST4721,Bed Frame,10,1785.16,2023-05-05,USA
ORD101352,CUST2598,Bookshelf,7,1897.74,2023-06-24,France
ORD101353,CUST3806,Wardrobe,7,1180.27,2023-11-30,India
ORD101354,CUST5905,Dresser,4,262.5,2023-11-24,UK
ORD101355,CUST1180,Recliner,4,515.81,2024-07-20,France
ORD101356,CUST1131,Wardrobe,2,128.63,2023-10-06,Germany
ORD101357,CUST2320,TV Stand,3,334.48,2023-12-21,India
ORD101358,CUST8028,Wardrobe,4,1148.89,2022-09-04,Canada
ORD101359,CUST3275,Coffee Table,10,1794.53,2023-08-01,UK
ORD101360,CUST6240,Dining Table,1,663.72,2023-05-08,Canada
ORD101361,CUST4917,TV Stand,9,1436.81,2024-02-05,USA
ORD101362,CUST3789,Coffee Table,3,791.68,2023-01-10,France
ORD101363,CUST6805,Bookshelf,6,122.12,2021-11-02,Canada
ORD101364,CUST6687,Wardrobe,6,1975.75,2022-05-27,India
ORD101365,CUST4929,Dresser,1,365.05,2023-05-06,Japan
ORD101366,CUST7522,Recliner,9,1273.87,2024-03-17,France
ORD101367,CUST7352,Sofa,2,1071.46,2023-12-18,China
ORD101368,CUST6944,Wardrobe,6,517.84,2022-11-30,China
ORD101369,CUST4742,Bed Frame,7,1218.45,2024-08-22,Canada
ORD101370,CUST8497,TV Stand,9,325.69,2023-07-21,Germany
ORD101371,CUST1274,Office Chair,3,1689.81,2022-04-12,Australia
ORD101372,CUST9003,Sofa,1,1676.97,2023-03-18,UK
ORD101373,CUST7201,Bookshelf,8,198.16,2023-03-27,Japan
ORD101374,CUST8375,Office Chair,9,1490.09,2022-01-08,Canada
ORD101375,CUST1577,Dining Table,5,767.16,2024-02-15,USA
ORD101376,CUST9255,Dresser,3,126.06,2022-08-31,India
ORD101377,CUST7670,Dresser,9,1600.18,2024-03-09,India
ORD101378,CUST3467,TV Stand,5,1950.04,2023-12-12,Germany
ORD101379,CUST2827,Sofa,1,453.43,2023-11-23,UK
ORD101380,CUST8592,Wardrobe,3,1252.14,2022-01-27,Brazil
ORD101381,CUST2312,Coffee Table,3,532.45,2024-03-26,Germany
ORD101382,CUST1694,Recliner,8,1651.79,2024-01-30,France
ORD101383,CUST5005,TV Stand,9,1488.96,2023-12-16,Japan
ORD101384,CUST5788,Coffee Table,7,598.99,2023-03-29,USA
ORD101385,CUST3948,Recliner,2,1190.71,2023-09-14,Australia
ORD101386,CUST2582,Wardrobe,9,346.14,2023-11-19,Canada
ORD101387,CUST2625,Wardrobe,10,1838.14,2024-06-02,UK
ORD101388,CUST5019,Dining Table,2,1212.72,2024-09-01,India
ORD101389,CUST2060,Sofa,6,1353.34,2023-04-28,India
ORD101390,CUST7184,Bookshelf,9,334.38,2022-05-08,Brazil
ORD101391,CUST1188,Dresser,3,506.36,2024-08-08,Germany
ORD101392,CUST9003,Bookshelf,3,510.5,2024-08-30,China
ORD101393,CUST2416,Office Chair,1,1648.18,2023-10-27,India
ORD101394,CUST4528,Office Chair,3,167.31,2021-12-11,Japan
ORD101395,CUST6483,Bed Frame,10,1110.75,2024-07-09,Brazil
ORD101396,CUST7301,Wardrobe,9,856.14,2023-02-03,Australia
ORD101397,CUST8584,Recliner,7,1966.51,2023-07-25,Canada
ORD101398,CUST2471,Dresser,2,733.37,2023-01-12,India
ORD101399,CUST4778,Dresser,5,1365.88,2023-07-14,Japan
ORD101400,CUST6979,Dining Table,3,581.7,2022-08-22,USA
ORD101401,CUST8141,Bookshelf,4,1228.81,2021-12-25,USA
ORD101402,CUST6101,Dresser,4,1992.64,2024-02-10,China
ORD101403,CUST6226,Dresser,6,1160.02,2022-09-20,UK
ORD101404,CUST3261,Dining Table,9,1451.89,2024-02-23,France
ORD101405,CUST3916,Wardrobe,4,1520.18,2024-04-20,France
ORD101406,CUST4008,Dresser,9,364.37,2024-06-27,USA
ORD101407,CUST5606,Dining Table,10,330.23,2023-09-22,Brazil
ORD101408,CUST3899,Recliner,9,618.75,2022-06-02,India
ORD101409,CUST7336,Sofa,9,727.53,2023-03-02,UK
ORD101410,CUST4027,Wardrobe,9,665.96,2022-01-07,Australia
ORD101411,CUST6474,Office Chair,9,585.25,2023-10-04,Canada
ORD101412,CUST6853,TV Stand,9,1651.67,2021-12-15,France
ORD101413,CUST9364,Bookshelf,3,598.4,2022-10-06,Brazil
ORD101414,CUST6519,Bookshelf,4,1245.79,2022-04-06,Brazil
ORD101415,CUST2995,Dining Table,5,1205.4,2024-01-26,Germany
ORD101416,CUST6368,Dresser,5,1407.45,2022-04-20,Japan
ORD101417,CUST8684,TV Stand,7,53.47,2024-08-23,Australia
ORD101418,CUST8984,Dining Table,9,1378.85,2024-03-20,Germany
ORD101419,CUST8756,Dresser,3,1413.18,2021-11-11,Canada
ORD101420,CUST3170,Coffee Table,3,800.79,2024-05-19,Japan
ORD101421,CUST7525,Bookshelf,3,641.96,2023-10-03,China
ORD101422,CUST8599,Office Chair,2,1120.33,2022-02-17,France
ORD101423,CUST7967,Wardrobe,4,62.82,2022-04-05,Japan
ORD101424,CUST8594,Dining Table,5,240.43,2024-04-04,China
ORD101425,CUST8533,Dining Table,8,343.17,2022-03-15,Canada
ORD101426,CUST4638,Recliner,4,533.87,2021-10-28,UK
ORD101427,CUST3746,Sofa,6,1803.9,2023-08-22,India
ORD101428,CUST3249,TV Stand,2,1283.52,2022-12-25,Germany
ORD101429,CUST5119,Sofa,2,987.19,2022-03-24,China
ORD101430,CUST2868,Recliner,1,233.6,2022-06-16,Japan
ORD101431,CUST6990,Coffee Table,4,917.32,2024-09-24,Canada
ORD101432,CUST4359,Bookshelf,5,1085.68,2023-03-10,Canada
ORD101433,CUST8408,Coffee Table,5,527.93,2024-01-23,Japan
ORD101434,CUST5792,Recliner,2,1983.72,2022-07-10,Brazil
ORD101435,CUST4769,Coffee Table,7,1323.97,2022-05-09,Australia
ORD101436,CUST3924,TV Stand,10,94.91,2022-09-16,Canada
ORD101437,CUST3879,TV Stand,3,164.62,2023-07-09,USA
ORD101438,CUST3398,Recliner,5,1306.39,2022-06-27,Japan
ORD101439,CUST6676,Sofa,10,1871.19,2024-06-28,China
ORD101440,CUST1900,Sofa,1,127.47,2022-04-16,Germany
ORD101441,CUST1490,Office Chair,8,1792.91,2022-07-06,Japan
ORD101442,CUST4218,Bookshelf,4,1306.91,2021-11-04,Australia
ORD101443,CUST2894,Dresser,6,1506.15,2023-10-06,Canada
ORD101444,CUST9413,Wardrobe,8,547.54,2023-08-14,Brazil
ORD101445,CUST9892,Bed Frame,10,1703.63,2024-03-23,India
ORD101446,CUST1030,Sofa,10,280.24,2022-05-06,UK
ORD101447,CUST2393,Office Chair,5,202.46,2024-07-18,Brazil
ORD101448,CUST1172,Sofa,3,702.28,2023-02-09,France
ORD101449,CUST1193,Recliner,6,800.7,2022-04-23,China
ORD101450,CUST7725,Recliner,1,620.73,2022-04-21,Canada
ORD101451,CUST6825,Dining Table,1,409.34,2022-07-24,France
ORD101452,CUST4297,Recliner,3,1635.52,2022-08-15,USA
ORD101453,CUST3995,Sofa,7,983.25,2022-10-19,France
ORD101454,CUST1057,Coffee Table,8,1478.25,2023-11-08,UK
ORD101455,CUST8233,Bed Frame,5,431.14,2022-02-23,India
ORD101456,CUST9716,TV Stand,2,1707.22,2023-08-08,Canada
ORD101457,CUST4256,Dresser,1,616.59,2022-08-20,Canada
ORD101458,CUST3703,Recliner,3,1971.34,2022-08-06,China
ORD101459,CUST1132,Recliner,2,967.74,2022-04-03,UK
ORD101460,CUST6505,TV Stand,1,1793.97,2024-08-22,China
ORD101461,CUST1784,TV Stand,2,208.17,2023-12-31,USA
ORD101462,CUST7170,Recliner,4,867.97,2024-04-04,UK
ORD101463,CUST4837,TV Stand,3,1825.14,2022-03-06,France
ORD101464,CUST4013,Recliner,5,912.28,2022-06-18,USA
ORD101465,CUST8014,Sofa,5,1635.21,2023-03-31,France
ORD101466,CUST4566,Bookshelf,9,1517.11,2024-08-06,India
ORD101467,CUST4743,Dresser,7,1704.31,2023-05-12,Japan
ORD101468,CUST8589,Dresser,2,1109.9,2022-01-07,France
ORD101469,CUST6170,Dresser,2,1188.18,2024-01-27,China
ORD101470,CUST5115,Office Chair,1,1862.49,2022-07-04,India
ORD101471,CUST6945,Dining Table,4,1610.98,2023-02-08,USA
ORD101472,CUST4832,TV Stand,8,332.7,2022-09-03,Brazil
ORD101473,CUST5669,Bookshelf,2,1734.05,2022-07-06,Canada
ORD101474,CUST3818,Office Chair,10,420.38,2021-11-25,Japan
ORD101475,CUST9083,Bed Frame,7,1780.31,2024-06-03,Japan
ORD101476,CUST3644,Bed Frame,10,659.94,2023-07-20,China
ORD101477,CUST4786,Sofa,3,1767.94,2022-08-28,France
ORD101478,CUST3263,Bookshelf,5,1603.12,2023-09-30,China
ORD101479,CUST8426,Coffee Table,2,1329.24,2023-04-29,Canada
ORD101480,CUST9019,Sofa,8,1327.23,2021-12-11,India
ORD101481,CUST1006,Bookshelf,6,347.53,2024-04-23,Canada
ORD101482,CUST4403,Dining Table,6,1121.54,2023-12-12,France
ORD101483,CUST2112,Sofa,10,1182.66,2023-10-16,France
ORD101484,CUST6177,Coffee Table,5,435.52,2022-03-17,India
ORD101485,CUST6828,Sofa,1,719.67,2023-12-18,France
ORD101486,CUST5488,Bed Frame,4,244.37,2021-11-16,Australia
ORD101487,CUST1761,TV Stand,9,1648.23,2023-12-22,Australia
ORD101488,CUST5204,TV Stand,8,1872.38,2023-02-21,Brazil
ORD101489,CUST4555,Sofa,3,902.44,2022-10-28,USA
ORD101490,CUST8013,Bookshelf,9,633.87,2022-04-30,Germany
ORD101491,CUST8286,Wardrobe,5,231.44,2023-12-25,Germany
ORD101492,CUST8440,Wardrobe,2,1226.39,2023-08-15,USA
ORD101493,CUST9311,Sofa,9,246.17,2023-07-09,China
ORD101494,CUST3233,Bookshelf,3,1509.39,2023-12-26,France
ORD101495,CUST9121,Dining Table,9,447.37,2023-07-21,Australia
ORD101496,CUST1577,Coffee Table,7,1218.18,2023-07-09,USA
ORD101497,CUST7799,Dining Table,4,126.59,2022-05-23,Germany
ORD101498,CUST7031,TV Stand,7,685.54,2023-03-29,USA
ORD101499,CUST3018,Bookshelf,3,235.93,2023-12-21,India
