transaction_id,product_id,product_name,quantity_sold,price_per_unit,transaction_date,region,payment_method
1,1002,Laptop,1,754.47,2024-02-15,Europe,Debit Card
2,1003,Headphones,2,692.86,2023-01-01,Africa,Credit Card
3,1010,Fitness Tracker,7,80.19,2022-10-26,North America,Debit Card
4,1004,Tablet,9,621.92,2024-05-04,Africa,Debit Card
5,1009,Gaming Console,7,259.42,2023-05-08,Africa,PayPal
6,1001,Smartphone,3,713.23,2023-04-15,Asia,PayPal
7,1003,Headphones,4,959.35,2023-03-29,Asia,Credit Card
8,1002,Laptop,7,141.88,2023-01-23,Asia,Gift Card
9,1005,Camera,1,743.25,2024-05-01,Africa,Credit Card
10,1007,Smartwatch,2,574.44,2022-12-25,Africa,PayPal
11,1010,Fitness Tracker,4,719.34,2024-03-15,North America,Debit Card
12,1005,Camera,2,862.55,2024-05-04,North America,Cash
13,1005,Camera,8,653.9,2024-08-29,Asia,Debit Card
14,1006,Television,6,249.03,2023-12-04,Asia,Credit Card
15,1010,Fitness Tracker,3,557.43,2022-12-13,Europe,Debit Card
16,1008,Bluetooth Speaker,7,306.45,2024-01-08,Africa,Debit Card
17,1006,Television,1,267.6,2023-08-30,North America,PayPal
18,1007,Smartwatch,5,112.88,2022-10-31,Africa,PayPal
19,1004,Tablet,8,425.85,2022-10-30,South America,Debit Card
20,1005,Camera,3,284.3,2022-12-18,Africa,Gift Card
21,1005,Camera,10,457.01,2023-03-25,Africa,Cash
22,1006,Television,4,997.46,2023-04-05,Europe,Gift Card
23,1008,Bluetooth Speaker,2,767.99,2023-11-03,North America,Debit Card
24,1003,Headphones,7,616.59,2024-01-17,South America,Cash
25,1010,Fitness Tracker,8,552.66,2022-10-27,Africa,Credit Card
26,1002,Laptop,9,763.33,2023-12-16,Asia,Credit Card
27,1005,Camera,7,200.25,2023-03-10,North America,PayPal
28,1009,Gaming Console,3,532.3,2024-04-15,North America,PayPal
29,1009,Gaming Console,10,238.97,2024-02-23,Asia,Debit Card
30,1009,Gaming Console,9,922.57,2024-04-03,Africa,PayPal
31,1008,Bluetooth Speaker,1,156.27,2023-12-04,Asia,PayPal
32,1004,Tablet,1,278.83,2023-08-28,Africa,Credit Card
33,1002,Laptop,8,825.22,2023-03-27,Africa,Debit Card
34,1003,Headphones,8,949.51,2023-09-20,Europe,PayPal
35,1009,Gaming Console,10,451.98,2024-01-07,Europe,Gift Card
36,1004,Tablet,5,429.04,2023-05-11,Asia,Cash
37,1009,Gaming Console,8,164.95,2024-06-26,Europe,Credit Card
38,1006,Television,1,608.89,2024-08-12,Europe,Gift Card
39,1004,Tablet,1,117.44,2022-10-12,North America,Debit Card
40,1002,Laptop,1,866.65,2024-05-18,North America,Gift Card
41,1004,Tablet,5,685.53,2024-06-23,Europe,Gift Card
42,1003,Headphones,10,597.4,2023-02-08,Europe,Cash
43,1007,Smartwatch,4,139.61,2024-04-01,South America,PayPal
44,1007,Smartwatch,7,493.67,2023-08-31,North America,Credit Card
45,1001,Smartphone,7,741.8,2023-06-28,North America,Debit Card
46,1004,Tablet,4,559.47,2023-05-10,Europe,Cash
47,1003,Headphones,5,489.5,2023-02-04,North America,Cash
48,1009,Gaming Console,2,98.06,2023-03-23,Africa,Credit Card
49,1002,Laptop,4,208.0,2024-05-22,South America,Cash
50,1004,Tablet,7,907.32,2023-06-25,Europe,Cash
51,1001,Smartphone,7,301.94,2022-12-25,South America,PayPal
52,1007,Smartwatch,9,678.78,2022-12-18,South America,Debit Card
53,1004,Tablet,5,256.82,2023-07-29,North America,Gift Card
54,1009,Gaming Console,1,760.58,2022-12-21,North America,Credit Card
55,1010,Fitness Tracker,8,527.71,2023-07-12,Africa,Debit Card
56,1001,Smartphone,9,126.11,2024-07-26,Europe,Credit Card
57,1010,Fitness Tracker,2,691.45,2023-07-01,Europe,Cash
58,1002,Laptop,10,283.9,2024-01-18,Africa,Credit Card
59,1010,Fitness Tracker,2,448.26,2023-04-30,Africa,Gift Card
60,1009,Gaming Console,6,937.97,2024-06-24,Europe,PayPal
61,1004,Tablet,5,426.0,2022-11-09,Asia,Cash
62,1006,Television,2,58.85,2024-04-25,Africa,Gift Card
63,1002,Laptop,2,560.75,2023-09-28,Africa,PayPal
64,1003,Headphones,6,886.82,2023-11-27,Europe,PayPal
65,1005,Camera,3,466.28,2023-01-11,Africa,PayPal
66,1010,Fitness Tracker,9,57.43,2024-09-22,Africa,PayPal
67,1002,Laptop,3,301.24,2023-07-28,North America,Gift Card
68,1003,Headphones,5,317.67,2022-12-07,Europe,PayPal
69,1004,Tablet,5,530.14,2023-12-09,Asia,Credit Card
70,1002,Laptop,7,837.88,2023-05-22,North America,Credit Card
71,1006,Television,3,655.26,2024-07-12,Asia,Debit Card
72,1008,Bluetooth Speaker,9,720.38,2024-02-07,Africa,Credit Card
73,1002,Laptop,2,947.8,2024-01-30,Europe,Gift Card
74,1001,Smartphone,6,603.38,2024-08-24,Europe,Cash
75,1003,Headphones,1,342.85,2024-08-06,North America,PayPal
76,1004,Tablet,4,683.59,2023-07-14,Asia,Gift Card
77,1007,Smartwatch,10,762.0,2023-12-29,Europe,Debit Card
78,1003,Headphones,7,73.55,2023-03-05,Asia,Cash
79,1004,Tablet,5,201.24,2024-04-06,North America,Cash
80,1001,Smartphone,8,261.31,2022-11-30,South America,PayPal
81,1005,Camera,4,261.78,2022-11-11,Europe,Cash
82,1006,Television,5,871.14,2024-03-03,Asia,PayPal
83,1009,Gaming Console,7,695.54,2023-04-02,Africa,PayPal
84,1001,Smartphone,2,883.19,2024-05-29,Asia,Debit Card
85,1010,Fitness Tracker,5,86.34,2023-05-19,Africa,Cash
86,1006,Television,6,464.57,2022-12-07,Africa,Credit Card
87,1007,Smartwatch,10,230.57,2024-08-01,North America,Cash
88,1001,Smartphone,9,929.3,2023-04-05,Africa,Debit Card
89,1006,Television,7,116.48,2024-08-10,Asia,Gift Card
90,1006,Television,2,733.77,2022-12-24,Asia,Gift Card
91,1005,Camera,7,359.87,2023-07-29,Asia,Gift Card
92,1003,Headphones,4,449.42,2023-05-10,South America,Debit Card
93,1010,Fitness Tracker,10,335.9,2023-09-24,Africa,Credit Card
94,1005,Camera,5,249.67,2024-02-12,Africa,Gift Card
95,1006,Television,8,469.7,2024-07-15,Europe,Gift Card
96,1008,Bluetooth Speaker,3,675.91,2023-07-17,Asia,Gift Card
97,1010,Fitness Tracker,6,138.72,2023-02-10,Europe,PayPal
98,1004,Tablet,4,189.99,2023-07-21,North America,Debit Card
99,1008,Bluetooth Speaker,10,857.25,2023-07-09,North America,Cash
100,1007,Smartwatch,10,234.71,2023-03-18,South America,Cash
101,1007,Smartwatch,4,190.19,2024-03-10,North America,Credit Card
102,1007,Smartwatch,4,217.09,2023-05-02,Africa,Cash
103,1001,Smartphone,9,286.74,2024-04-04,North America,Cash
104,1003,Headphones,8,684.2,2024-10-03,Africa,Gift Card
105,1006,Television,8,632.02,2024-03-20,Africa,Cash
106,1009,Gaming Console,8,902.35,2024-02-22,South America,Cash
107,1005,Camera,4,847.87,2022-12-01,Asia,Gift Card
108,1008,Bluetooth Speaker,4,310.87,2024-01-23,North America,PayPal
109,1004,Tablet,5,369.06,2024-02-12,Africa,Credit Card
110,1003,Headphones,3,269.7,2023-02-16,Europe,Debit Card
111,1002,Laptop,7,437.22,2023-11-25,Africa,Cash
112,1007,Smartwatch,1,246.49,2024-04-25,South America,Cash
113,1010,Fitness Tracker,1,863.9,2023-04-15,Africa,Cash
114,1008,Bluetooth Speaker,1,945.6,2023-02-10,Asia,Cash
115,1007,Smartwatch,9,760.14,2023-10-01,Africa,Gift Card
116,1004,Tablet,8,258.45,2023-07-28,South America,Cash
117,1001,Smartphone,7,369.32,2023-05-04,South America,Debit Card
118,1008,Bluetooth Speaker,3,981.69,2024-09-24,Africa,Credit Card
119,1007,Smartwatch,10,586.17,2024-02-16,North America,Credit Card
120,1007,Smartwatch,3,873.51,2024-03-24,Europe,Credit Card
121,1005,Camera,7,360.99,2023-12-13,South America,PayPal
122,1006,Television,7,314.34,2023-03-26,South America,PayPal
123,1002,Laptop,8,68.41,2024-03-21,Africa,Credit Card
124,1006,Television,4,667.64,2023-06-15,North America,Credit Card
125,1004,Tablet,4,847.27,2024-07-22,Africa,Debit Card
126,1004,Tablet,3,499.88,2024-05-25,North America,Gift Card
127,1004,Tablet,8,714.49,2024-05-31,Asia,Debit Card
128,1010,Fitness Tracker,10,965.55,2022-11-19,North America,Debit Card
129,1005,Camera,2,599.75,2023-04-02,Asia,Gift Card
130,1007,Smartwatch,7,944.4,2024-07-06,Europe,Credit Card
131,1010,Fitness Tracker,4,146.81,2022-10-31,Asia,Gift Card
132,1002,Laptop,10,793.5,2024-06-23,Asia,Gift Card
133,1007,Smartwatch,6,115.51,2023-06-09,Asia,Credit Card
134,1007,Smartwatch,8,150.26,2023-08-14,Asia,Cash
135,1003,Headphones,7,217.33,2023-05-02,Africa,PayPal
136,1010,Fitness Tracker,9,785.91,2022-11-27,South America,Cash
137,1010,Fitness Tracker,5,356.19,2023-03-19,Europe,Credit Card
138,1005,Camera,8,281.67,2024-09-15,South America,Gift Card
139,1010,Fitness Tracker,7,369.58,2023-12-21,South America,PayPal
140,1003,Headphones,8,251.51,2024-08-17,Asia,PayPal
141,1005,Camera,10,716.12,2024-04-16,Asia,Gift Card
142,1001,Smartphone,9,950.66,2023-06-08,North America,Debit Card
143,1007,Smartwatch,8,577.42,2023-03-21,Europe,Cash
144,1008,Bluetooth Speaker,8,803.29,2024-02-28,North America,PayPal
145,1004,Tablet,7,707.2,2023-10-29,Asia,Gift Card
146,1006,Television,8,575.8,2023-08-10,Asia,Cash
147,1009,Gaming Console,6,384.22,2024-08-24,South America,PayPal
148,1005,Camera,5,269.01,2024-09-16,Europe,PayPal
149,1002,Laptop,9,953.33,2024-02-18,Europe,Debit Card
150,1004,Tablet,8,312.67,2023-09-28,Africa,Gift Card
151,1010,Fitness Tracker,5,981.49,2023-01-25,Europe,PayPal
152,1004,Tablet,6,220.47,2023-04-30,North America,Gift Card
153,1003,Headphones,5,93.24,2023-01-23,North America,Gift Card
154,1005,Camera,3,655.98,2023-04-16,South America,Credit Card
155,1001,Smartphone,10,320.12,2024-05-07,South America,Cash
156,1006,Television,3,967.22,2023-12-17,Asia,Cash
157,1002,Laptop,2,430.67,2023-11-29,North America,Gift Card
158,1001,Smartphone,3,191.74,2023-04-29,Africa,PayPal
159,1002,Laptop,4,162.53,2024-05-09,South America,Gift Card
160,1010,Fitness Tracker,10,264.4,2024-01-04,Africa,Cash
161,1008,Bluetooth Speaker,8,332.49,2023-09-04,Africa,Cash
162,1005,Camera,10,639.98,2024-09-03,Africa,Credit Card
163,1004,Tablet,4,301.41,2024-01-03,North America,Debit Card
164,1004,Tablet,3,574.39,2023-08-13,Europe,Credit Card
165,1007,Smartwatch,8,704.9,2023-07-15,South America,PayPal
166,1001,Smartphone,4,323.7,2023-03-26,Asia,Cash
167,1002,Laptop,4,927.72,2023-01-22,Africa,Debit Card
168,1007,Smartwatch,2,567.33,2023-11-06,Europe,PayPal
169,1003,Headphones,2,106.66,2023-10-25,Asia,Gift Card
170,1010,Fitness Tracker,5,467.2,2022-12-16,South America,PayPal
171,1007,Smartwatch,5,525.45,2024-05-16,South America,Cash
172,1002,Laptop,10,87.87,2022-11-12,South America,PayPal
173,1010,Fitness Tracker,5,74.57,2024-08-05,Europe,Gift Card
174,1010,Fitness Tracker,1,999.59,2022-12-31,Asia,Gift Card
175,1001,Smartphone,3,496.98,2023-02-02,South America,PayPal
176,1003,Headphones,10,464.09,2024-02-06,South America,Credit Card
177,1008,Bluetooth Speaker,6,437.93,2023-02-08,Asia,Credit Card
178,1003,Headphones,6,441.06,2024-06-13,South America,PayPal
179,1007,Smartwatch,9,84.86,2024-03-18,North America,PayPal
180,1005,Camera,6,160.13,2023-08-30,South America,Gift Card
181,1001,Smartphone,9,488.88,2024-01-13,North America,Debit Card
182,1009,Gaming Console,6,641.5,2022-11-25,South America,Cash
183,1001,Smartphone,4,303.7,2023-08-01,Europe,PayPal
184,1008,Bluetooth Speaker,8,165.35,2023-07-30,Africa,Debit Card
185,1003,Headphones,5,573.3,2024-01-12,Africa,Cash
186,1002,Laptop,4,992.64,2023-10-05,North America,Cash
187,1002,Laptop,3,523.46,2023-11-21,Asia,Gift Card
188,1005,Camera,7,842.99,2023-04-20,South America,Debit Card
189,1008,Bluetooth Speaker,9,187.41,2023-12-10,Europe,Gift Card
190,1009,Gaming Console,3,870.83,2024-08-05,Asia,Cash
191,1006,Television,9,303.81,2022-10-15,North America,PayPal
192,1005,Camera,10,600.93,2024-03-18,South America,Debit Card
193,1008,Bluetooth Speaker,9,510.12,2024-04-18,Asia,Gift Card
194,1009,Gaming Console,7,482.58,2023-01-03,Asia,Debit Card
195,1004,Tablet,10,413.82,2024-03-19,South America,Credit Card
196,1006,Television,8,719.97,2024-08-24,South America,Cash
197,1003,Headphones,8,966.58,2023-11-28,Europe,Gift Card
198,1010,Fitness Tracker,6,876.22,2024-05-12,South America,Credit Card
199,1009,Gaming Console,8,64.58,2023-05-02,Europe,Cash
200,1003,Headphones,2,496.02,2024-05-25,Asia,PayPal
201,1010,Fitness Tracker,7,667.34,2024-02-16,Asia,Gift Card
202,1007,Smartwatch,6,645.46,2023-06-28,South America,Gift Card
203,1001,Smartphone,10,115.0,2023-01-01,Asia,Debit Card
204,1002,Laptop,7,979.42,2023-05-22,North America,Cash
205,1003,Headphones,5,908.25,2023-09-09,North America,PayPal
206,1001,Smartphone,5,390.54,2023-02-06,South America,Debit Card
207,1004,Tablet,9,441.45,2023-09-24,Europe,Debit Card
208,1003,Headphones,2,629.02,2022-10-09,South America,Gift Card
209,1004,Tablet,8,917.19,2024-04-19,Europe,Debit Card
210,1008,Bluetooth Speaker,5,486.59,2024-08-17,North America,Cash
211,1005,Camera,9,200.08,2024-04-17,South America,PayPal
212,1010,Fitness Tracker,5,656.99,2023-04-29,South America,PayPal
213,1008,Bluetooth Speaker,5,239.26,2023-10-30,South America,Cash
214,1002,Laptop,4,412.3,2024-05-20,Asia,Gift Card
215,1005,Camera,5,70.84,2023-02-22,South America,PayPal
216,1001,Smartphone,10,871.81,2023-11-05,North America,Gift Card
217,1008,Bluetooth Speaker,5,786.95,2024-09-14,Europe,Gift Card
218,1006,Television,4,654.79,2022-12-28,Africa,PayPal
219,1003,Headphones,2,908.23,2024-08-13,North America,PayPal
220,1008,Bluetooth Speaker,1,600.6,2024-02-04,Europe,Credit Card
221,1005,Camera,6,760.11,2023-05-26,Europe,Debit Card
222,1003,Headphones,9,882.64,2024-07-21,Asia,Gift Card
223,1009,Gaming Console,5,838.95,2024-02-15,Asia,Cash
224,1005,Camera,6,814.02,2023-11-05,South America,Credit Card
225,1003,Headphones,4,867.13,2024-01-23,South America,Gift Card
226,1006,Television,2,801.15,2023-03-10,North America,PayPal
227,1009,Gaming Console,2,482.05,2023-02-02,Asia,Gift Card
228,1007,Smartwatch,6,152.93,2023-07-24,Europe,Cash
229,1001,Smartphone,10,890.02,2024-05-21,Africa,PayPal
230,1010,Fitness Tracker,4,665.27,2023-02-09,South America,PayPal
231,1007,Smartwatch,2,182.79,2023-11-29,North America,PayPal
232,1008,Bluetooth Speaker,2,142.33,2024-06-02,Africa,Debit Card
233,1007,Smartwatch,8,402.46,2024-09-22,Africa,Cash
234,1010,Fitness Tracker,3,891.14,2023-11-22,North America,Cash
235,1010,Fitness Tracker,7,942.1,2024-09-19,Asia,Credit Card
236,1006,Television,4,471.21,2022-10-07,Europe,PayPal
237,1002,Laptop,6,567.24,2024-01-15,Asia,Credit Card
238,1007,Smartwatch,5,230.32,2023-06-15,North America,Cash
239,1002,Laptop,4,659.62,2023-10-21,Africa,Credit Card
240,1001,Smartphone,6,281.39,2022-10-22,Europe,Gift Card
241,1004,Tablet,2,838.33,2023-01-01,Africa,Debit Card
242,1010,Fitness Tracker,4,822.4,2024-09-27,Europe,PayPal
243,1003,Headphones,10,52.69,2023-07-15,Europe,Debit Card
244,1009,Gaming Console,5,808.59,2024-08-19,North America,Credit Card
245,1003,Headphones,1,390.33,2024-07-13,Europe,Gift Card
246,1006,Television,1,215.53,2024-06-24,North America,Debit Card
247,1007,Smartwatch,9,157.97,2023-06-02,North America,Cash
248,1008,Bluetooth Speaker,6,537.58,2023-04-10,North America,Cash
249,1009,Gaming Console,4,948.14,2022-11-20,North America,Gift Card
250,1005,Camera,8,661.17,2023-04-12,North America,Credit Card
251,1008,Bluetooth Speaker,7,454.96,2024-08-18,North America,Cash
252,1008,Bluetooth Speaker,2,904.3,2023-12-21,Asia,Gift Card
253,1003,Headphones,2,169.88,2022-12-07,Africa,Gift Card
254,1009,Gaming Console,6,411.86,2022-12-12,Africa,Gift Card
255,1005,Camera,8,530.27,2024-04-27,South America,Credit Card
256,1002,Laptop,9,734.8,2023-10-19,Europe,Cash
257,1008,Bluetooth Speaker,4,443.12,2024-07-01,South America,Cash
258,1007,Smartwatch,2,346.92,2022-11-29,Asia,PayPal
259,1006,Television,3,702.48,2024-05-19,South America,Credit Card
260,1002,Laptop,2,138.57,2023-11-24,North America,PayPal
261,1003,Headphones,9,106.98,2024-05-23,Africa,Gift Card
262,1006,Television,2,440.27,2023-01-12,South America,Credit Card
263,1005,Camera,10,346.83,2023-01-14,North America,Gift Card
264,1009,Gaming Console,4,196.99,2024-03-02,South America,Debit Card
265,1002,Laptop,6,853.1,2023-10-11,Asia,Credit Card
266,1005,Camera,10,264.85,2023-12-08,South America,Gift Card
267,1010,Fitness Tracker,10,691.23,2023-02-12,Africa,Credit Card
268,1010,Fitness Tracker,5,77.51,2023-04-30,Asia,PayPal
269,1006,Television,6,55.8,2023-11-20,Europe,Gift Card
270,1007,Smartwatch,2,184.78,2024-08-14,North America,Credit Card
271,1009,Gaming Console,4,407.38,2024-01-21,South America,PayPal
272,1003,Headphones,6,346.06,2023-08-31,Asia,Gift Card
273,1010,Fitness Tracker,2,889.18,2023-03-20,Europe,Debit Card
274,1010,Fitness Tracker,1,690.27,2024-09-27,Asia,Cash
275,1007,Smartwatch,8,626.72,2023-11-29,South America,PayPal
276,1004,Tablet,9,158.13,2024-05-15,South America,Credit Card
277,1005,Camera,10,512.3,2024-04-25,Asia,Credit Card
278,1004,Tablet,7,985.22,2024-03-25,North America,Credit Card
279,1004,Tablet,5,948.06,2023-03-12,Europe,PayPal
280,1005,Camera,6,163.99,2024-04-12,South America,Cash
281,1003,Headphones,3,411.2,2023-06-06,Europe,Gift Card
282,1009,Gaming Console,6,118.47,2023-08-12,North America,Cash
283,1001,Smartphone,8,925.1,2024-03-11,Asia,Gift Card
284,1007,Smartwatch,10,434.2,2024-02-23,South America,PayPal
285,1002,Laptop,7,69.81,2023-07-24,Asia,Debit Card
286,1010,Fitness Tracker,8,840.42,2023-09-12,Asia,Credit Card
287,1007,Smartwatch,2,281.15,2024-09-04,Africa,Cash
288,1009,Gaming Console,2,425.98,2023-11-13,Asia,PayPal
289,1004,Tablet,6,790.16,2023-09-22,North America,Gift Card
290,1002,Laptop,9,534.45,2023-01-08,Asia,PayPal
291,1003,Headphones,4,147.66,2023-04-17,Asia,Debit Card
292,1003,Headphones,10,195.23,2023-03-30,North America,Debit Card
293,1008,Bluetooth Speaker,8,766.72,2022-11-25,Africa,Cash
294,1010,Fitness Tracker,10,357.05,2023-06-26,Asia,Debit Card
295,1008,Bluetooth Speaker,2,495.48,2022-10-23,Asia,PayPal
296,1010,Fitness Tracker,1,384.35,2024-01-06,North America,PayPal
297,1008,Bluetooth Speaker,8,85.73,2023-12-11,Asia,PayPal
298,1002,Laptop,2,634.26,2023-04-03,Africa,Cash
299,1008,Bluetooth Speaker,10,576.6,2024-01-07,North America,Cash
300,1010,Fitness Tracker,4,355.45,2023-03-27,South America,Gift Card
301,1003,Headphones,1,478.0,2022-10-12,Asia,Credit Card
302,1009,Gaming Console,3,87.19,2022-12-01,South America,Cash
303,1009,Gaming Console,9,629.32,2024-04-08,Asia,PayPal
304,1005,Camera,7,438.33,2024-02-09,Asia,Gift Card
305,1001,Smartphone,6,112.62,2022-11-21,North America,Gift Card
306,1007,Smartwatch,5,289.4,2023-04-02,Africa,Debit Card
307,1006,Television,2,603.6,2022-11-28,Europe,PayPal
308,1005,Camera,7,172.5,2024-09-09,North America,PayPal
309,1009,Gaming Console,7,661.32,2022-10-31,Asia,Debit Card
310,1009,Gaming Console,2,663.72,2024-08-04,South America,Gift Card
311,1006,Television,1,394.47,2023-06-20,Europe,Debit Card
312,1006,Television,8,232.4,2022-12-01,Europe,Debit Card
313,1002,Laptop,5,852.21,2023-11-10,North America,Gift Card
314,1009,Gaming Console,9,85.86,2023-04-09,Asia,Gift Card
315,1003,Headphones,10,407.88,2023-05-11,Europe,Debit Card
316,1010,Fitness Tracker,3,735.12,2024-03-09,North America,Cash
317,1006,Television,4,971.11,2023-10-19,Africa,PayPal
318,1008,Bluetooth Speaker,4,557.31,2023-03-22,Asia,Cash
319,1004,Tablet,6,694.39,2023-11-29,Africa,Cash
320,1008,Bluetooth Speaker,5,789.22,2023-01-17,Africa,Gift Card
321,1007,Smartwatch,3,826.05,2024-04-20,Africa,Debit Card
322,1005,Camera,1,659.12,2024-10-02,Asia,Gift Card
323,1002,Laptop,9,858.61,2024-08-22,Asia,Credit Card
324,1003,Headphones,5,476.85,2023-12-24,Africa,Debit Card
325,1007,Smartwatch,2,949.09,2023-12-28,Europe,Cash
326,1006,Television,1,444.15,2023-10-09,South America,Gift Card
327,1006,Television,4,416.86,2023-04-13,North America,PayPal
328,1004,Tablet,1,352.75,2024-06-07,North America,PayPal
329,1003,Headphones,3,86.39,2023-10-09,South America,Debit Card
330,1008,Bluetooth Speaker,8,634.58,2024-06-25,North America,Credit Card
331,1005,Camera,4,843.21,2023-08-19,Africa,Gift Card
332,1009,Gaming Console,7,155.63,2023-03-03,Asia,Debit Card
333,1005,Camera,2,95.36,2022-12-19,South America,Gift Card
334,1008,Bluetooth Speaker,2,155.32,2022-12-21,South America,Gift Card
335,1009,Gaming Console,1,650.36,2024-03-01,Africa,Debit Card
336,1003,Headphones,5,457.78,2023-09-06,Africa,PayPal
337,1004,Tablet,10,445.74,2023-07-09,North America,Gift Card
338,1006,Television,2,955.73,2023-09-01,Africa,Gift Card
339,1009,Gaming Console,9,69.32,2023-08-22,South America,Credit Card
340,1007,Smartwatch,6,290.97,2023-10-04,North America,PayPal
341,1002,Laptop,6,279.07,2024-08-07,North America,Gift Card
342,1006,Television,3,92.12,2024-04-25,Africa,PayPal
343,1003,Headphones,8,981.78,2022-11-18,South America,Debit Card
344,1003,Headphones,2,730.24,2024-03-13,South America,Credit Card
345,1005,Camera,4,91.62,2024-02-26,Europe,Credit Card
346,1006,Television,5,539.61,2024-02-20,Africa,Cash
347,1005,Camera,1,765.63,2022-12-22,Europe,PayPal
348,1006,Television,1,872.51,2022-11-23,Asia,PayPal
349,1002,Laptop,6,465.1,2023-08-15,South America,Cash
350,1007,Smartwatch,6,975.04,2024-04-24,South America,Cash
351,1006,Television,9,303.38,2023-06-27,North America,Cash
352,1002,Laptop,7,622.33,2024-06-19,Europe,Gift Card
353,1005,Camera,6,147.47,2024-08-06,Asia,PayPal
354,1005,Camera,8,622.49,2022-12-30,South America,Debit Card
355,1008,Bluetooth Speaker,6,474.77,2023-04-18,Asia,Gift Card
356,1007,Smartwatch,5,657.5,2023-03-04,North America,Credit Card
357,1007,Smartwatch,6,537.43,2023-03-03,Europe,Credit Card
358,1003,Headphones,10,694.18,2023-11-27,South America,Credit Card
359,1003,Headphones,2,274.2,2023-09-20,Asia,PayPal
360,1007,Smartwatch,10,80.77,2023-01-23,Europe,Cash
361,1006,Television,6,471.74,2023-08-30,North America,Gift Card
362,1003,Headphones,9,398.6,2023-02-26,Asia,PayPal
363,1004,Tablet,2,74.62,2023-05-11,Europe,Cash
364,1009,Gaming Console,7,917.87,2023-10-01,North America,PayPal
365,1005,Camera,8,253.84,2023-04-19,Africa,PayPal
366,1008,Bluetooth Speaker,4,166.51,2024-08-16,North America,Cash
367,1003,Headphones,8,997.4,2024-09-23,Asia,PayPal
368,1002,Laptop,9,565.06,2022-12-04,Asia,Debit Card
369,1003,Headphones,6,533.32,2023-09-16,North America,Debit Card
370,1003,Headphones,4,800.85,2024-06-25,North America,PayPal
371,1009,Gaming Console,10,400.47,2024-08-06,Africa,Debit Card
372,1010,Fitness Tracker,2,112.46,2024-08-01,South America,Cash
373,1009,Gaming Console,7,780.71,2023-12-08,Africa,Credit Card
374,1003,Headphones,6,660.22,2022-12-22,South America,Cash
375,1009,Gaming Console,6,171.92,2022-11-15,Africa,Gift Card
376,1003,Headphones,3,460.99,2024-02-25,North America,Credit Card
377,1009,Gaming Console,3,338.92,2023-11-30,Europe,PayPal
378,1004,Tablet,6,950.11,2024-07-17,Africa,PayPal
379,1002,Laptop,5,236.49,2022-10-18,Africa,PayPal
380,1003,Headphones,5,633.71,2022-12-18,North America,Gift Card
381,1003,Headphones,10,944.53,2024-09-25,Europe,Debit Card
382,1010,Fitness Tracker,10,370.74,2024-05-14,Africa,Credit Card
383,1001,Smartphone,2,93.19,2024-07-27,Africa,PayPal
384,1004,Tablet,10,445.76,2023-04-08,North America,Cash
385,1009,Gaming Console,5,659.81,2023-02-13,Asia,Cash
386,1004,Tablet,7,332.56,2023-08-18,North America,Credit Card
387,1003,Headphones,8,444.84,2023-10-19,South America,Debit Card
388,1006,Television,10,186.49,2023-10-15,Asia,PayPal
389,1007,Smartwatch,3,772.63,2023-03-22,Africa,Gift Card
390,1002,Laptop,6,279.65,2024-08-08,North America,PayPal
391,1008,Bluetooth Speaker,4,183.83,2023-08-14,North America,PayPal
392,1007,Smartwatch,10,447.23,2024-09-06,Europe,PayPal
393,1010,Fitness Tracker,6,230.34,2022-11-21,Europe,Cash
394,1009,Gaming Console,8,523.82,2023-02-11,Asia,Cash
395,1001,Smartphone,2,947.97,2023-07-28,Africa,Cash
396,1004,Tablet,4,604.18,2022-10-08,North America,Credit Card
397,1005,Camera,8,617.64,2023-08-06,South America,PayPal
398,1009,Gaming Console,1,854.81,2023-04-30,South America,Debit Card
399,1005,Camera,6,775.66,2024-09-25,Asia,Credit Card
400,1007,Smartwatch,1,591.77,2024-06-07,Europe,PayPal
401,1009,Gaming Console,5,119.86,2024-06-07,Africa,Cash
402,1009,Gaming Console,5,834.05,2023-09-25,Africa,Gift Card
403,1002,Laptop,3,976.33,2023-05-16,South America,PayPal
404,1006,Television,9,942.0,2023-08-31,Europe,Debit Card
405,1010,Fitness Tracker,9,431.32,2024-03-31,North America,Credit Card
406,1001,Smartphone,3,727.91,2024-04-26,South America,Gift Card
407,1008,Bluetooth Speaker,3,625.95,2024-06-06,Africa,Debit Card
408,1006,Television,10,352.6,2023-12-12,South America,Gift Card
409,1005,Camera,10,369.55,2024-03-04,Africa,Gift Card
410,1008,Bluetooth Speaker,10,334.8,2024-04-17,North America,PayPal
411,1006,Television,2,980.9,2023-10-20,Africa,PayPal
412,1001,Smartphone,10,500.86,2023-02-04,Africa,Gift Card
413,1004,Tablet,1,604.35,2023-03-03,Europe,Gift Card
414,1010,Fitness Tracker,7,190.39,2023-05-25,Europe,Credit Card
415,1010,Fitness Tracker,2,231.25,2023-03-25,South America,PayPal
416,1007,Smartwatch,3,442.31,2022-11-21,Europe,Cash
417,1009,Gaming Console,10,924.49,2023-12-30,North America,Debit Card
418,1009,Gaming Console,4,582.84,2024-04-30,South America,Gift Card
419,1007,Smartwatch,6,958.85,2023-12-02,South America,Gift Card
420,1006,Television,9,386.57,2022-11-23,Asia,Gift Card
421,1008,Bluetooth Speaker,4,959.47,2024-05-09,Asia,Gift Card
422,1005,Camera,4,944.41,2023-06-07,Asia,PayPal
423,1004,Tablet,8,351.19,2022-11-20,Asia,Gift Card
424,1005,Camera,5,165.78,2022-11-14,Africa,Cash
425,1007,Smartwatch,6,956.88,2024-01-03,Europe,PayPal
426,1001,Smartphone,5,957.55,2023-10-12,North America,PayPal
427,1008,Bluetooth Speaker,5,759.97,2023-11-01,Europe,Debit Card
428,1009,Gaming Console,5,936.37,2024-09-20,Asia,Debit Card
429,1002,Laptop,10,753.85,2024-07-30,Europe,Debit Card
430,1001,Smartphone,9,264.39,2023-11-23,Europe,Credit Card
431,1002,Laptop,7,363.78,2023-02-06,South America,Credit Card
432,1003,Headphones,1,966.29,2022-11-20,Europe,Cash
433,1008,Bluetooth Speaker,8,668.01,2023-11-05,Asia,PayPal
434,1005,Camera,1,912.54,2022-12-08,North America,Gift Card
435,1004,Tablet,9,751.75,2024-07-29,North America,Debit Card
436,1007,Smartwatch,3,937.23,2023-02-28,North America,Cash
437,1008,Bluetooth Speaker,3,939.78,2022-11-29,Asia,Credit Card
438,1001,Smartphone,5,589.56,2024-01-12,North America,PayPal
439,1005,Camera,8,989.64,2022-11-28,Africa,Gift Card
440,1008,Bluetooth Speaker,3,858.51,2024-03-14,South America,PayPal
441,1004,Tablet,2,364.15,2024-08-06,South America,PayPal
442,1003,Headphones,1,749.79,2023-04-07,Asia,Gift Card
443,1004,Tablet,3,630.41,2023-08-16,South America,Cash
444,1009,Gaming Console,6,132.4,2023-01-08,North America,Debit Card
445,1003,Headphones,8,357.42,2024-08-28,Europe,Credit Card
446,1005,Camera,7,273.75,2023-12-23,Asia,PayPal
447,1005,Camera,10,736.74,2023-04-16,North America,PayPal
448,1006,Television,4,109.02,2023-12-30,North America,Cash
449,1005,Camera,3,435.15,2024-01-11,Africa,PayPal
450,1002,Laptop,5,399.17,2022-11-06,Europe,Debit Card
451,1003,Headphones,8,195.53,2024-01-31,Africa,PayPal
452,1007,Smartwatch,9,917.16,2022-12-09,Africa,Debit Card
453,1004,Tablet,10,879.48,2023-08-28,North America,Gift Card
454,1008,Bluetooth Speaker,9,718.58,2024-02-29,North America,Gift Card
455,1002,Laptop,1,837.34,2024-01-03,Africa,Debit Card
456,1010,Fitness Tracker,9,192.36,2023-12-20,Asia,Gift Card
457,1008,Bluetooth Speaker,2,696.28,2023-11-17,Africa,Cash
458,1002,Laptop,9,473.21,2023-06-09,North America,Cash
459,1003,Headphones,9,444.65,2024-10-02,Africa,Credit Card
460,1009,Gaming Console,8,689.13,2023-04-27,Asia,Credit Card
461,1007,Smartwatch,5,825.63,2023-03-14,Europe,Gift Card
462,1002,Laptop,1,452.51,2024-03-10,North America,Gift Card
463,1001,Smartphone,2,986.83,2024-04-15,South America,Credit Card
464,1005,Camera,7,220.98,2023-06-08,Europe,Cash
465,1006,Television,7,476.11,2023-04-10,South America,Cash
466,1002,Laptop,9,176.34,2023-05-01,Asia,Credit Card
467,1003,Headphones,9,423.41,2023-08-10,Europe,Debit Card
468,1001,Smartphone,1,979.57,2023-01-16,South America,Gift Card
469,1007,Smartwatch,9,410.31,2024-03-11,Europe,Debit Card
470,1008,Bluetooth Speaker,6,197.37,2024-02-20,Europe,Credit Card
471,1001,Smartphone,7,634.18,2023-05-28,North America,Debit Card
472,1004,Tablet,2,145.85,2023-09-27,North America,Cash
473,1010,Fitness Tracker,1,282.5,2023-06-09,North America,Cash
474,1008,Bluetooth Speaker,4,562.77,2024-09-27,North America,Debit Card
475,1009,Gaming Console,5,272.45,2024-05-12,Africa,PayPal
476,1010,Fitness Tracker,10,783.91,2024-10-02,Asia,Debit Card
477,1005,Camera,3,986.41,2022-12-02,Africa,Debit Card
478,1007,Smartwatch,5,311.4,2022-10-14,Africa,Gift Card
479,1003,Headphones,7,578.06,2023-09-27,North America,PayPal
480,1007,Smartwatch,9,352.8,2024-02-01,South America,Cash
481,1003,Headphones,5,407.64,2023-12-18,Africa,Cash
482,1004,Tablet,4,335.7,2022-12-23,Europe,Cash
483,1001,Smartphone,9,442.04,2022-12-02,South America,Gift Card
484,1009,Gaming Console,3,419.0,2023-11-28,Asia,Debit Card
485,1006,Television,2,926.11,2023-03-21,Asia,Credit Card
486,1009,Gaming Console,4,98.96,2023-11-03,South America,Gift Card
487,1010,Fitness Tracker,1,879.94,2023-04-30,Europe,Gift Card
488,1009,Gaming Console,4,505.42,2023-01-17,Asia,PayPal
489,1001,Smartphone,4,940.3,2024-09-30,North America,Cash
490,1004,Tablet,10,718.58,2023-07-05,South America,Debit Card
491,1009,Gaming Console,6,786.74,2024-08-21,South America,Cash
492,1009,Gaming Console,6,343.0,2022-11-29,Asia,Gift Card
493,1008,Bluetooth Speaker,8,143.68,2024-08-19,South America,PayPal
494,1004,Tablet,6,347.28,2023-04-14,North America,Gift Card
495,1004,Tablet,3,65.41,2023-07-21,Africa,Gift Card
496,1010,Fitness Tracker,7,330.43,2023-05-16,Europe,PayPal
497,1004,Tablet,7,591.3,2023-02-06,Europe,Cash
498,1009,Gaming Console,6,294.46,2023-09-12,South America,Cash
499,1008,Bluetooth Speaker,3,746.13,2024-07-15,Asia,Debit Card
500,1003,Headphones,9,513.9,2023-12-02,Africa,Credit Card
501,1009,Gaming Console,1,847.12,2024-04-05,North America,Credit Card
502,1001,Smartphone,7,180.62,2023-05-29,Europe,Credit Card
503,1003,Headphones,1,257.78,2024-01-25,South America,PayPal
504,1001,Smartphone,10,655.84,2024-06-24,Africa,Cash
505,1008,Bluetooth Speaker,1,56.28,2024-02-26,Africa,Cash
506,1001,Smartphone,1,552.95,2023-11-21,Asia,Gift Card
507,1005,Camera,1,527.11,2022-10-13,South America,Debit Card
508,1002,Laptop,2,548.17,2024-03-08,Europe,Debit Card
509,1010,Fitness Tracker,9,289.8,2024-07-02,Asia,PayPal
510,1007,Smartwatch,2,404.4,2023-12-11,South America,Cash
511,1010,Fitness Tracker,4,990.72,2023-05-27,Europe,PayPal
512,1002,Laptop,1,138.83,2024-09-29,South America,Cash
513,1009,Gaming Console,8,103.31,2024-03-05,North America,Debit Card
514,1002,Laptop,8,853.06,2022-12-26,Asia,Gift Card
515,1002,Laptop,9,923.19,2024-10-05,Europe,Debit Card
516,1010,Fitness Tracker,8,307.54,2024-08-19,North America,PayPal
517,1009,Gaming Console,10,675.2,2023-01-19,Europe,PayPal
518,1001,Smartphone,4,607.68,2023-04-30,South America,Credit Card
519,1005,Camera,3,585.76,2023-01-04,Africa,Cash
520,1009,Gaming Console,6,414.65,2024-08-28,Europe,Credit Card
521,1009,Gaming Console,6,101.01,2022-12-29,South America,Debit Card
522,1002,Laptop,6,624.91,2024-05-05,Africa,Gift Card
523,1007,Smartwatch,6,78.14,2023-12-10,Asia,Cash
524,1008,Bluetooth Speaker,4,388.02,2023-02-04,South America,Cash
525,1003,Headphones,10,677.64,2023-05-06,North America,Gift Card
526,1005,Camera,4,727.45,2023-05-13,North America,PayPal
527,1003,Headphones,7,726.09,2024-01-19,Europe,Cash
528,1006,Television,6,151.22,2023-03-19,North America,PayPal
529,1008,Bluetooth Speaker,6,773.28,2024-04-16,North America,Debit Card
530,1002,Laptop,3,459.43,2023-06-30,Africa,Gift Card
531,1009,Gaming Console,7,148.13,2023-03-14,North America,PayPal
532,1009,Gaming Console,2,617.08,2024-03-23,Asia,Cash
533,1001,Smartphone,5,443.12,2024-02-11,North America,Gift Card
534,1004,Tablet,10,545.05,2024-07-30,South America,Debit Card
535,1003,Headphones,5,336.07,2023-04-30,South America,Debit Card
536,1002,Laptop,3,462.94,2023-11-03,South America,PayPal
537,1008,Bluetooth Speaker,2,393.07,2023-10-21,Europe,Cash
538,1010,Fitness Tracker,10,235.77,2023-04-20,North America,Debit Card
539,1005,Camera,1,951.38,2024-09-09,Asia,Gift Card
540,1007,Smartwatch,6,468.21,2024-09-11,South America,Gift Card
541,1003,Headphones,5,354.63,2024-07-25,Europe,Cash
542,1006,Television,3,966.35,2022-11-15,Asia,PayPal
543,1008,Bluetooth Speaker,10,792.88,2022-12-17,Asia,Cash
544,1005,Camera,7,396.76,2024-02-11,Africa,Debit Card
545,1010,Fitness Tracker,9,220.93,2023-09-01,Africa,Credit Card
546,1008,Bluetooth Speaker,4,466.53,2024-07-12,Asia,Credit Card
547,1007,Smartwatch,8,182.22,2023-05-09,Asia,Debit Card
548,1005,Camera,3,729.47,2022-11-10,South America,Credit Card
549,1008,Bluetooth Speaker,10,505.27,2022-10-09,South America,Gift Card
550,1009,Gaming Console,7,566.46,2023-06-23,Asia,Gift Card
551,1010,Fitness Tracker,2,153.9,2024-05-27,Europe,PayPal
552,1003,Headphones,10,92.08,2023-01-16,South America,PayPal
553,1007,Smartwatch,2,60.02,2024-02-13,Asia,Debit Card
554,1009,Gaming Console,9,580.09,2023-04-28,Africa,Debit Card
555,1008,Bluetooth Speaker,6,421.58,2023-02-09,Africa,Gift Card
556,1003,Headphones,6,997.82,2024-05-04,South America,Credit Card
557,1005,Camera,7,924.52,2023-09-15,North America,Credit Card
558,1003,Headphones,6,346.3,2023-12-09,South America,Debit Card
559,1009,Gaming Console,8,380.89,2024-04-07,North America,Cash
560,1008,Bluetooth Speaker,6,113.82,2023-09-04,North America,Credit Card
561,1001,Smartphone,6,665.57,2023-12-16,Europe,Debit Card
562,1009,Gaming Console,3,574.31,2022-10-14,Asia,Gift Card
563,1007,Smartwatch,8,270.26,2023-01-01,South America,Debit Card
564,1003,Headphones,7,425.8,2022-12-04,Africa,Debit Card
565,1008,Bluetooth Speaker,10,458.08,2024-08-22,North America,Debit Card
566,1004,Tablet,5,764.71,2024-03-26,North America,Gift Card
567,1002,Laptop,9,227.61,2024-09-08,Asia,Debit Card
568,1008,Bluetooth Speaker,2,299.24,2023-01-30,South America,Gift Card
569,1006,Television,10,419.21,2023-12-04,South America,Gift Card
570,1002,Laptop,6,384.39,2022-11-03,South America,Gift Card
571,1003,Headphones,5,922.75,2024-07-16,Africa,Credit Card
572,1003,Headphones,6,161.97,2023-07-20,Asia,Credit Card
573,1003,Headphones,6,708.76,2024-01-02,Africa,Cash
574,1007,Smartwatch,10,180.97,2023-12-10,South America,Cash
575,1003,Headphones,8,653.73,2023-01-30,Europe,Gift Card
576,1003,Headphones,8,324.39,2023-09-05,Europe,PayPal
577,1008,Bluetooth Speaker,10,100.93,2023-01-13,Asia,Credit Card
578,1008,Bluetooth Speaker,3,235.37,2022-11-08,South America,Gift Card
579,1009,Gaming Console,8,438.68,2023-06-03,South America,Cash
580,1008,Bluetooth Speaker,8,208.89,2023-07-17,Africa,Credit Card
581,1004,Tablet,5,81.06,2024-09-04,Europe,Gift Card
582,1005,Camera,3,791.7,2024-09-30,Africa,Cash
583,1009,Gaming Console,9,157.55,2024-06-16,North America,PayPal
584,1009,Gaming Console,6,564.94,2024-08-05,North America,Cash
585,1009,Gaming Console,4,990.29,2022-11-06,North America,Debit Card
586,1005,Camera,1,477.25,2024-09-04,Asia,Credit Card
587,1008,Bluetooth Speaker,2,786.85,2023-07-11,Europe,Debit Card
588,1010,Fitness Tracker,6,868.0,2023-03-19,Africa,Cash
589,1003,Headphones,10,182.27,2024-03-19,Europe,Debit Card
590,1001,Smartphone,10,383.27,2023-04-18,Asia,Gift Card
591,1009,Gaming Console,3,357.47,2024-03-08,Asia,PayPal
592,1010,Fitness Tracker,5,954.78,2022-12-25,Africa,Credit Card
593,1003,Headphones,7,922.83,2023-07-08,Asia,Debit Card
594,1003,Headphones,4,188.93,2024-06-03,Asia,Debit Card
595,1007,Smartwatch,8,185.06,2023-12-15,Asia,Cash
596,1007,Smartwatch,8,121.74,2024-08-23,North America,Cash
597,1009,Gaming Console,5,709.97,2024-08-16,Asia,Cash
598,1008,Bluetooth Speaker,6,602.86,2023-08-18,North America,Cash
599,1006,Television,2,805.89,2024-02-01,South America,Debit Card
600,1007,Smartwatch,4,519.98,2024-05-11,Asia,PayPal
601,1006,Television,9,599.04,2023-02-04,Africa,Cash
602,1006,Television,1,93.65,2024-09-25,South America,Credit Card
603,1002,Laptop,3,469.22,2024-09-28,North America,Cash
604,1004,Tablet,3,888.04,2023-04-08,Asia,Debit Card
605,1005,Camera,2,671.86,2024-08-08,Asia,Credit Card
606,1006,Television,3,99.2,2023-02-10,Asia,Debit Card
607,1007,Smartwatch,2,718.51,2024-06-19,North America,Debit Card
608,1008,Bluetooth Speaker,2,176.06,2024-06-27,Europe,Gift Card
609,1008,Bluetooth Speaker,1,57.66,2023-02-21,Asia,Credit Card
610,1007,Smartwatch,3,503.82,2024-08-21,Europe,Cash
611,1002,Laptop,2,148.04,2023-08-23,Asia,PayPal
612,1003,Headphones,7,784.79,2022-10-26,Europe,Debit Card
613,1002,Laptop,9,585.13,2023-02-23,Africa,Debit Card
614,1008,Bluetooth Speaker,6,736.31,2024-05-01,Europe,Cash
615,1010,Fitness Tracker,8,866.96,2024-09-24,North America,Credit Card
616,1003,Headphones,2,610.1,2023-06-22,South America,PayPal
617,1007,Smartwatch,6,801.52,2024-06-05,Europe,PayPal
618,1002,Laptop,4,575.73,2024-09-28,Africa,Gift Card
619,1005,Camera,1,855.5,2023-08-22,Asia,Debit Card
620,1009,Gaming Console,10,534.05,2024-06-21,South America,PayPal
621,1001,Smartphone,4,520.14,2024-03-10,North America,Debit Card
622,1008,Bluetooth Speaker,10,117.46,2024-08-08,North America,PayPal
623,1006,Television,3,417.5,2024-04-29,Africa,Cash
624,1006,Television,9,698.79,2024-06-27,South America,Credit Card
625,1001,Smartphone,10,114.16,2023-04-17,Asia,Debit Card
626,1001,Smartphone,1,951.25,2023-05-02,South America,Gift Card
627,1005,Camera,9,778.75,2023-02-07,South America,Cash
628,1002,Laptop,9,560.77,2024-06-09,Europe,PayPal
629,1002,Laptop,5,125.07,2024-04-03,Europe,Debit Card
630,1009,Gaming Console,6,421.19,2022-12-29,North America,PayPal
631,1007,Smartwatch,4,105.01,2023-07-31,North America,Cash
632,1002,Laptop,8,631.68,2024-08-14,North America,PayPal
633,1003,Headphones,2,62.03,2022-11-06,Europe,Credit Card
634,1003,Headphones,8,955.37,2024-08-03,Africa,Gift Card
635,1005,Camera,3,403.28,2023-10-07,Asia,Credit Card
636,1001,Smartphone,6,816.75,2023-03-28,Asia,Gift Card
637,1002,Laptop,5,726.71,2023-03-11,Africa,Credit Card
638,1008,Bluetooth Speaker,8,535.24,2024-07-02,North America,Cash
639,1010,Fitness Tracker,3,399.3,2024-09-19,Asia,Credit Card
640,1010,Fitness Tracker,2,266.98,2023-09-29,Africa,Credit Card
641,1001,Smartphone,1,282.32,2023-07-05,South America,PayPal
642,1007,Smartwatch,3,220.01,2023-06-01,North America,Gift Card
643,1007,Smartwatch,4,355.71,2024-07-05,South America,PayPal
644,1005,Camera,2,592.96,2024-06-15,North America,Gift Card
645,1001,Smartphone,3,262.03,2024-08-13,Africa,Credit Card
646,1007,Smartwatch,2,883.14,2023-04-01,Asia,PayPal
647,1006,Television,2,575.44,2023-03-29,North America,PayPal
648,1004,Tablet,5,585.62,2022-10-25,Asia,Gift Card
649,1004,Tablet,8,399.86,2024-03-02,South America,Debit Card
650,1009,Gaming Console,4,193.04,2023-03-06,South America,Credit Card
651,1004,Tablet,9,379.1,2023-08-12,North America,PayPal
652,1001,Smartphone,7,856.56,2023-06-18,Asia,Credit Card
653,1004,Tablet,9,983.96,2023-05-11,South America,Cash
654,1001,Smartphone,3,726.07,2024-08-08,North America,Credit Card
655,1004,Tablet,9,442.4,2022-11-29,Asia,Cash
656,1002,Laptop,10,140.8,2024-05-29,Europe,Cash
657,1002,Laptop,10,589.43,2023-05-11,South America,Debit Card
658,1004,Tablet,5,297.94,2023-07-06,Asia,Cash
659,1006,Television,6,480.12,2024-02-17,Europe,Credit Card
660,1004,Tablet,3,790.94,2023-11-06,Africa,Credit Card
661,1003,Headphones,2,206.16,2023-08-13,South America,PayPal
662,1007,Smartwatch,2,559.13,2024-03-17,Europe,Cash
663,1005,Camera,8,301.76,2024-07-23,North America,Credit Card
664,1003,Headphones,5,835.07,2023-11-27,Africa,Credit Card
665,1004,Tablet,6,190.91,2023-06-21,Europe,PayPal
666,1007,Smartwatch,9,96.5,2024-10-05,Asia,PayPal
667,1003,Headphones,1,954.49,2022-10-28,South America,Gift Card
668,1009,Gaming Console,4,139.99,2023-01-04,North America,Debit Card
669,1002,Laptop,1,108.59,2024-08-18,Europe,Debit Card
670,1004,Tablet,7,403.63,2023-04-27,North America,Gift Card
671,1010,Fitness Tracker,5,921.56,2023-02-22,North America,Credit Card
672,1002,Laptop,4,907.37,2023-12-31,South America,Debit Card
673,1002,Laptop,6,166.4,2023-05-01,South America,Credit Card
674,1003,Headphones,10,461.5,2022-11-05,South America,Cash
675,1001,Smartphone,7,699.05,2022-12-30,Europe,PayPal
676,1004,Tablet,3,311.23,2024-01-13,South America,Debit Card
677,1001,Smartphone,10,638.22,2023-09-09,Europe,PayPal
678,1008,Bluetooth Speaker,7,888.64,2023-07-02,South America,Credit Card
679,1002,Laptop,5,413.86,2024-04-24,South America,Debit Card
680,1009,Gaming Console,4,649.22,2024-06-08,Africa,Credit Card
681,1007,Smartwatch,6,505.7,2023-06-07,South America,PayPal
682,1010,Fitness Tracker,9,355.52,2023-09-10,Asia,Debit Card
683,1001,Smartphone,6,617.26,2024-01-20,North America,PayPal
684,1001,Smartphone,8,552.96,2023-11-08,Africa,Debit Card
685,1003,Headphones,2,285.46,2023-01-04,Europe,PayPal
686,1009,Gaming Console,1,775.85,2023-08-02,Europe,Gift Card
687,1007,Smartwatch,6,938.45,2024-09-04,Europe,Debit Card
688,1004,Tablet,10,352.1,2023-12-28,Asia,Gift Card
689,1001,Smartphone,6,950.18,2023-03-03,Africa,Debit Card
690,1010,Fitness Tracker,4,844.86,2023-04-22,South America,Gift Card
691,1005,Camera,3,515.91,2022-11-10,North America,Credit Card
692,1004,Tablet,10,257.87,2024-04-09,Africa,Cash
693,1001,Smartphone,6,922.0,2023-09-10,Europe,Debit Card
694,1006,Television,3,922.84,2022-10-08,Asia,Credit Card
695,1001,Smartphone,3,607.28,2023-11-14,Europe,Credit Card
696,1009,Gaming Console,6,962.53,2024-09-24,Asia,Cash
697,1010,Fitness Tracker,2,369.73,2024-06-24,Asia,Debit Card
698,1003,Headphones,7,802.25,2023-11-29,South America,PayPal
699,1003,Headphones,9,708.88,2024-03-23,Africa,PayPal
700,1004,Tablet,10,823.73,2024-04-17,South America,PayPal
701,1005,Camera,3,218.82,2024-10-06,North America,Gift Card
702,1007,Smartwatch,10,80.76,2024-05-05,Africa,PayPal
703,1010,Fitness Tracker,4,657.66,2024-05-01,North America,Cash
704,1003,Headphones,6,758.08,2024-03-10,Europe,PayPal
705,1006,Television,3,654.38,2023-03-09,North America,PayPal
706,1008,Bluetooth Speaker,1,301.95,2023-07-16,Europe,Credit Card
707,1006,Television,5,797.67,2023-09-06,North America,Credit Card
708,1007,Smartwatch,8,745.96,2022-11-30,Europe,Cash
709,1008,Bluetooth Speaker,7,383.67,2024-03-05,South America,Credit Card
710,1008,Bluetooth Speaker,10,668.42,2024-09-21,Europe,Debit Card
711,1008,Bluetooth Speaker,2,809.23,2023-06-20,North America,PayPal
712,1001,Smartphone,6,298.07,2024-02-03,North America,Credit Card
713,1006,Television,3,893.53,2023-06-07,Europe,Credit Card
714,1009,Gaming Console,2,371.05,2024-03-05,Africa,Cash
715,1001,Smartphone,7,945.32,2024-07-26,Europe,Gift Card
716,1007,Smartwatch,3,100.88,2023-01-11,Asia,Debit Card
717,1004,Tablet,7,712.34,2024-04-18,Africa,PayPal
718,1005,Camera,5,275.67,2024-09-05,North America,Cash
719,1010,Fitness Tracker,9,847.86,2023-05-28,Europe,Credit Card
720,1006,Television,1,456.23,2023-11-04,Asia,Gift Card
721,1008,Bluetooth Speaker,4,142.14,2023-06-04,Europe,Debit Card
722,1005,Camera,2,499.89,2024-03-07,North America,PayPal
723,1007,Smartwatch,8,514.64,2023-08-20,Asia,Credit Card
724,1009,Gaming Console,7,225.64,2023-06-17,South America,PayPal
725,1003,Headphones,8,92.39,2023-08-15,South America,Cash
726,1005,Camera,4,845.22,2024-03-31,Africa,Credit Card
727,1003,Headphones,2,131.42,2023-05-24,Asia,Gift Card
728,1007,Smartwatch,10,266.14,2023-12-11,North America,Cash
729,1009,Gaming Console,7,967.35,2023-01-13,South America,Gift Card
730,1004,Tablet,8,333.91,2023-03-05,South America,Credit Card
731,1009,Gaming Console,10,905.43,2023-08-29,Africa,Gift Card
732,1003,Headphones,2,951.79,2024-03-06,South America,Debit Card
733,1003,Headphones,4,818.04,2024-10-06,Europe,Credit Card
734,1007,Smartwatch,2,988.87,2023-07-28,South America,Debit Card
735,1003,Headphones,10,294.99,2024-03-16,North America,Credit Card
736,1007,Smartwatch,9,427.49,2024-05-10,Asia,PayPal
737,1009,Gaming Console,8,921.3,2024-09-07,North America,Gift Card
738,1010,Fitness Tracker,9,792.6,2023-02-19,North America,Cash
739,1003,Headphones,3,588.26,2024-01-28,Africa,Credit Card
740,1002,Laptop,10,790.57,2023-12-23,Asia,Gift Card
741,1006,Television,7,300.93,2023-05-28,South America,Gift Card
742,1010,Fitness Tracker,8,85.59,2023-08-18,Asia,Cash
743,1003,Headphones,10,628.22,2023-12-06,South America,Credit Card
744,1007,Smartwatch,6,705.99,2024-07-15,North America,Cash
745,1005,Camera,6,69.22,2022-10-07,Asia,PayPal
746,1005,Camera,8,865.32,2023-05-31,North America,Debit Card
747,1003,Headphones,5,975.51,2023-05-17,South America,PayPal
748,1005,Camera,7,624.73,2023-03-19,North America,Debit Card
749,1008,Bluetooth Speaker,4,917.76,2023-09-05,South America,Cash
750,1009,Gaming Console,6,829.97,2024-06-08,Africa,Debit Card
751,1002,Laptop,5,724.09,2023-12-31,South America,Debit Card
752,1009,Gaming Console,10,77.5,2024-01-21,Europe,Debit Card
753,1001,Smartphone,4,81.42,2024-02-27,North America,PayPal
754,1004,Tablet,5,399.93,2023-06-14,South America,Gift Card
755,1007,Smartwatch,2,697.12,2023-10-03,Europe,PayPal
756,1008,Bluetooth Speaker,10,473.8,2023-09-15,South America,Gift Card
757,1009,Gaming Console,6,377.04,2023-09-15,Asia,Credit Card
758,1005,Camera,1,417.24,2024-03-14,Europe,Gift Card
759,1004,Tablet,4,665.01,2023-03-21,Europe,PayPal
760,1007,Smartwatch,9,69.05,2023-11-08,North America,Cash
761,1003,Headphones,3,621.08,2023-10-09,North America,Debit Card
762,1005,Camera,10,814.83,2024-06-14,Asia,PayPal
763,1007,Smartwatch,7,859.01,2024-09-05,South America,PayPal
764,1004,Tablet,8,337.04,2024-06-16,Africa,Gift Card
765,1007,Smartwatch,10,147.2,2024-04-30,Africa,PayPal
766,1009,Gaming Console,10,628.6,2023-02-15,Asia,Credit Card
767,1008,Bluetooth Speaker,2,369.47,2024-03-01,Asia,PayPal
768,1005,Camera,5,673.31,2022-12-11,Asia,Debit Card
769,1003,Headphones,9,777.2,2023-05-15,North America,Gift Card
770,1007,Smartwatch,6,696.72,2023-11-11,North America,Cash
771,1005,Camera,5,911.57,2024-03-05,South America,Cash
772,1001,Smartphone,10,722.67,2024-02-10,Africa,Debit Card
773,1006,Television,4,702.0,2024-01-30,South America,PayPal
774,1009,Gaming Console,5,853.15,2023-06-24,Africa,Debit Card
775,1005,Camera,2,497.24,2022-12-18,Asia,Gift Card
776,1003,Headphones,6,671.71,2024-07-03,Europe,PayPal
777,1004,Tablet,5,449.45,2024-05-12,Asia,PayPal
778,1005,Camera,10,329.35,2023-04-07,North America,Cash
779,1001,Smartphone,10,601.3,2024-03-12,Africa,Credit Card
780,1008,Bluetooth Speaker,4,525.45,2023-06-05,South America,Gift Card
781,1005,Camera,7,101.36,2023-03-30,Europe,Debit Card
782,1004,Tablet,6,438.73,2024-06-24,Africa,Cash
783,1003,Headphones,6,869.27,2023-03-10,Europe,Credit Card
784,1008,Bluetooth Speaker,6,649.48,2023-01-29,Europe,PayPal
785,1001,Smartphone,1,479.45,2022-10-25,Europe,Debit Card
786,1010,Fitness Tracker,3,515.1,2022-11-11,North America,Debit Card
787,1010,Fitness Tracker,7,651.81,2023-04-15,South America,Cash
788,1008,Bluetooth Speaker,7,54.44,2023-10-11,Africa,Debit Card
789,1006,Television,1,897.41,2024-01-24,Africa,Debit Card
790,1001,Smartphone,1,645.35,2024-07-28,Europe,Debit Card
791,1006,Television,5,172.48,2024-05-25,South America,Gift Card
792,1010,Fitness Tracker,5,208.67,2022-12-02,North America,PayPal
793,1005,Camera,8,741.44,2023-09-25,Africa,Gift Card
794,1006,Television,7,893.58,2023-08-24,Europe,PayPal
795,1008,Bluetooth Speaker,6,762.61,2024-08-25,Europe,Cash
796,1001,Smartphone,4,263.11,2024-02-08,Europe,Debit Card
797,1001,Smartphone,10,529.4,2023-12-28,North America,PayPal
798,1001,Smartphone,7,882.72,2023-03-07,Asia,Gift Card
799,1010,Fitness Tracker,1,614.23,2024-04-16,North America,Credit Card
800,1001,Smartphone,1,705.26,2024-03-30,South America,Cash
801,1007,Smartwatch,2,569.92,2023-08-01,South America,Debit Card
802,1004,Tablet,1,336.06,2023-10-25,North America,Gift Card
803,1005,Camera,10,625.35,2023-08-13,Europe,Cash
804,1002,Laptop,9,732.83,2023-04-14,North America,PayPal
805,1002,Laptop,2,522.85,2023-01-29,Africa,Debit Card
806,1005,Camera,9,974.46,2024-02-28,Asia,Cash
807,1005,Camera,3,87.44,2024-03-24,South America,Debit Card
808,1008,Bluetooth Speaker,6,272.78,2022-10-11,North America,Credit Card
809,1002,Laptop,10,685.57,2024-08-30,Europe,Credit Card
810,1009,Gaming Console,2,737.39,2024-05-12,North America,PayPal
811,1004,Tablet,8,989.23,2024-08-05,Asia,PayPal
812,1008,Bluetooth Speaker,1,144.82,2024-05-27,Europe,Credit Card
813,1005,Camera,6,811.52,2024-08-24,Asia,Cash
814,1002,Laptop,2,858.68,2022-12-28,North America,Credit Card
815,1003,Headphones,3,362.23,2024-06-02,South America,Gift Card
816,1005,Camera,2,403.99,2023-09-02,Asia,Debit Card
817,1002,Laptop,7,430.24,2023-03-25,South America,PayPal
818,1007,Smartwatch,8,809.9,2023-02-20,Europe,Credit Card
819,1003,Headphones,1,982.49,2024-06-22,Europe,Credit Card
820,1007,Smartwatch,10,508.54,2024-03-30,Africa,Cash
821,1003,Headphones,10,410.76,2023-11-13,Asia,Gift Card
822,1001,Smartphone,3,508.93,2023-10-02,South America,Credit Card
823,1007,Smartwatch,8,93.67,2022-11-15,Asia,PayPal
824,1001,Smartphone,9,779.15,2023-12-13,Africa,Gift Card
825,1004,Tablet,6,543.14,2023-04-18,Africa,Credit Card
826,1007,Smartwatch,4,507.83,2024-09-18,South America,Debit Card
827,1009,Gaming Console,10,101.84,2024-07-26,Europe,Gift Card
828,1008,Bluetooth Speaker,8,875.94,2023-01-09,North America,Cash
829,1006,Television,4,364.35,2023-09-26,Asia,Credit Card
830,1009,Gaming Console,4,572.97,2023-01-18,South America,Cash
831,1004,Tablet,2,486.14,2024-06-20,Africa,Cash
832,1002,Laptop,8,474.71,2023-10-02,North America,Cash
833,1001,Smartphone,2,433.27,2024-03-08,North America,Gift Card
834,1009,Gaming Console,1,834.61,2023-11-23,Africa,Gift Card
835,1005,Camera,9,584.22,2023-12-15,South America,PayPal
836,1006,Television,1,825.76,2024-01-12,South America,PayPal
837,1009,Gaming Console,10,619.95,2023-06-10,Asia,Cash
838,1002,Laptop,2,771.35,2024-05-15,Europe,Credit Card
839,1006,Television,6,838.39,2024-08-29,Asia,Gift Card
840,1009,Gaming Console,6,716.99,2023-09-15,North America,Debit Card
841,1008,Bluetooth Speaker,3,830.75,2024-01-25,South America,Credit Card
842,1005,Camera,10,236.13,2024-07-01,North America,Cash
843,1004,Tablet,8,833.33,2024-04-17,Europe,PayPal
844,1002,Laptop,7,94.18,2024-08-29,Africa,Credit Card
845,1008,Bluetooth Speaker,8,675.53,2023-11-03,Africa,Debit Card
846,1008,Bluetooth Speaker,1,553.85,2023-09-03,North America,Gift Card
847,1007,Smartwatch,10,508.79,2024-07-13,Africa,Debit Card
848,1010,Fitness Tracker,3,743.97,2024-09-10,Europe,Credit Card
849,1007,Smartwatch,10,625.85,2023-12-06,Asia,Gift Card
850,1007,Smartwatch,7,980.53,2023-09-18,Europe,PayPal
851,1007,Smartwatch,6,971.97,2024-09-02,South America,Debit Card
852,1003,Headphones,7,622.4,2023-02-07,Africa,PayPal
853,1009,Gaming Console,6,726.28,2024-05-06,Africa,Debit Card
854,1004,Tablet,4,642.96,2024-08-06,Asia,PayPal
855,1003,Headphones,3,528.7,2023-10-10,Asia,Credit Card
856,1006,Television,9,506.35,2023-09-21,Africa,Cash
857,1009,Gaming Console,5,883.6,2023-04-26,South America,Credit Card
858,1009,Gaming Console,2,74.01,2024-05-12,Europe,Credit Card
859,1001,Smartphone,4,303.63,2023-04-17,Europe,PayPal
860,1005,Camera,3,847.41,2024-07-20,Asia,Debit Card
861,1009,Gaming Console,1,390.75,2024-02-14,South America,Credit Card
862,1010,Fitness Tracker,9,871.6,2023-05-10,Africa,Cash
863,1004,Tablet,9,795.09,2024-05-23,Asia,Credit Card
864,1007,Smartwatch,7,445.74,2024-06-02,Asia,Gift Card
865,1001,Smartphone,1,756.49,2023-11-15,Europe,Gift Card
866,1008,Bluetooth Speaker,4,915.91,2023-10-18,Asia,Gift Card
867,1009,Gaming Console,10,236.65,2024-02-05,Europe,PayPal
868,1008,Bluetooth Speaker,3,984.28,2023-04-10,North America,Debit Card
869,1003,Headphones,9,163.39,2023-05-08,North America,Cash
870,1005,Camera,9,301.03,2023-09-13,Europe,Gift Card
871,1005,Camera,1,364.03,2022-12-06,Europe,Credit Card
872,1003,Headphones,6,617.04,2024-04-13,Africa,PayPal
873,1008,Bluetooth Speaker,10,572.65,2023-05-16,North America,PayPal
874,1009,Gaming Console,4,959.14,2023-04-07,Africa,Credit Card
875,1009,Gaming Console,3,445.13,2023-05-06,Africa,Cash
876,1002,Laptop,6,260.14,2023-06-24,Europe,PayPal
877,1006,Television,6,328.9,2023-06-12,Africa,Gift Card
878,1008,Bluetooth Speaker,9,832.5,2024-08-30,North America,Credit Card
879,1006,Television,8,278.33,2023-11-30,Africa,Gift Card
880,1004,Tablet,1,698.42,2022-12-08,Asia,Cash
881,1002,Laptop,7,293.76,2023-01-22,Asia,Credit Card
882,1009,Gaming Console,6,538.59,2023-02-01,Africa,Cash
883,1008,Bluetooth Speaker,1,331.61,2023-04-04,Europe,PayPal
884,1009,Gaming Console,2,950.8,2023-07-31,Europe,Gift Card
885,1009,Gaming Console,1,645.59,2024-03-29,Europe,Debit Card
886,1007,Smartwatch,2,245.3,2023-02-02,South America,Credit Card
887,1003,Headphones,1,486.26,2024-04-07,Asia,Credit Card
888,1002,Laptop,2,101.55,2023-03-22,Asia,Gift Card
889,1002,Laptop,10,830.54,2022-11-25,Asia,Cash
890,1007,Smartwatch,8,648.71,2023-08-25,South America,PayPal
891,1001,Smartphone,7,689.63,2023-08-19,Africa,Credit Card
892,1010,Fitness Tracker,2,768.16,2023-06-21,Africa,Credit Card
893,1002,Laptop,6,931.65,2023-12-02,North America,PayPal
894,1005,Camera,10,132.18,2023-10-03,South America,Cash
895,1007,Smartwatch,1,500.29,2023-08-25,Africa,Debit Card
896,1003,Headphones,7,806.93,2022-11-24,Africa,PayPal
897,1003,Headphones,5,693.42,2023-03-16,Asia,Credit Card
898,1009,Gaming Console,9,184.31,2024-07-14,North America,Credit Card
899,1010,Fitness Tracker,10,424.38,2023-08-29,Africa,Credit Card
900,1005,Camera,4,760.88,2023-08-05,Asia,Debit Card
901,1007,Smartwatch,9,185.33,2024-09-08,Europe,Debit Card
902,1010,Fitness Tracker,5,234.61,2024-05-26,Europe,Gift Card
903,1001,Smartphone,9,488.2,2024-01-03,Africa,Credit Card
904,1005,Camera,2,288.15,2024-03-30,Europe,Gift Card
905,1008,Bluetooth Speaker,6,389.28,2022-10-22,Europe,Credit Card
906,1005,Camera,10,116.32,2024-08-02,Europe,PayPal
907,1008,Bluetooth Speaker,8,361.93,2024-08-21,Asia,Gift Card
908,1003,Headphones,10,588.52,2024-05-23,Asia,Cash
909,1003,Headphones,1,347.55,2023-12-28,Europe,Cash
910,1005,Camera,6,177.59,2023-07-29,Asia,Cash
911,1008,Bluetooth Speaker,8,390.8,2023-10-12,Asia,Cash
912,1009,Gaming Console,2,216.98,2022-10-11,Africa,Credit Card
913,1005,Camera,3,896.73,2023-07-07,Europe,PayPal
914,1002,Laptop,2,897.5,2023-05-26,Africa,Credit Card
915,1010,Fitness Tracker,10,434.88,2024-05-14,Africa,Debit Card
916,1001,Smartphone,9,297.59,2023-08-05,Africa,Cash
917,1003,Headphones,6,422.87,2024-07-30,Africa,PayPal
918,1003,Headphones,8,526.07,2024-08-29,North America,Cash
919,1006,Television,9,60.06,2024-07-17,Europe,Gift Card
920,1003,Headphones,9,183.35,2023-08-28,Europe,Debit Card
921,1010,Fitness Tracker,10,676.44,2023-11-29,Europe,Cash
922,1006,Television,1,257.88,2024-05-09,South America,Debit Card
923,1002,Laptop,5,400.96,2024-04-29,North America,Debit Card
924,1009,Gaming Console,6,418.69,2023-12-05,South America,Credit Card
925,1001,Smartphone,6,148.06,2024-06-19,Africa,PayPal
926,1005,Camera,10,567.13,2024-01-18,Europe,Cash
927,1007,Smartwatch,6,608.29,2024-09-03,North America,Gift Card
928,1005,Camera,7,974.04,2023-03-27,Europe,Gift Card
929,1007,Smartwatch,6,826.37,2023-10-21,Asia,Cash
930,1008,Bluetooth Speaker,10,56.27,2023-03-26,Europe,Cash
931,1003,Headphones,4,123.23,2023-05-06,Asia,Debit Card
932,1003,Headphones,3,199.49,2023-09-10,Africa,Credit Card
933,1004,Tablet,7,820.61,2023-10-19,North America,Cash
934,1008,Bluetooth Speaker,8,250.17,2022-10-29,Europe,Cash
935,1001,Smartphone,4,90.99,2023-08-05,Africa,Gift Card
936,1003,Headphones,3,648.06,2023-06-25,North America,Gift Card
937,1003,Headphones,1,208.02,2024-03-09,Europe,Gift Card
938,1007,Smartwatch,10,970.78,2024-03-17,North America,PayPal
939,1002,Laptop,4,476.74,2024-06-17,South America,Cash
940,1003,Headphones,4,838.85,2023-08-17,Africa,Debit Card
941,1010,Fitness Tracker,3,642.05,2024-04-21,Africa,PayPal
942,1003,Headphones,6,926.23,2023-02-12,Africa,Gift Card
943,1002,Laptop,4,409.3,2024-07-20,Europe,Credit Card
944,1001,Smartphone,4,546.58,2023-10-05,Africa,Cash
945,1003,Headphones,10,141.48,2024-09-20,South America,Gift Card
946,1010,Fitness Tracker,1,883.87,2023-01-14,Africa,Gift Card
947,1002,Laptop,2,508.13,2024-02-02,Europe,Gift Card
948,1009,Gaming Console,1,902.12,2023-11-25,South America,Gift Card
949,1007,Smartwatch,6,881.08,2022-10-27,Africa,Cash
950,1004,Tablet,8,800.08,2024-09-10,South America,PayPal
951,1010,Fitness Tracker,10,142.83,2023-08-09,Europe,PayPal
952,1008,Bluetooth Speaker,4,914.58,2024-01-09,North America,PayPal
953,1010,Fitness Tracker,9,438.21,2023-12-19,Europe,Credit Card
954,1001,Smartphone,10,546.41,2024-03-04,Africa,Credit Card
955,1007,Smartwatch,4,703.38,2022-10-28,Asia,Cash
956,1006,Television,2,197.04,2022-12-11,Africa,PayPal
957,1005,Camera,9,452.38,2024-02-18,Asia,Gift Card
958,1005,Camera,7,767.22,2023-09-04,South America,Gift Card
959,1009,Gaming Console,8,219.78,2023-01-20,Africa,Gift Card
960,1008,Bluetooth Speaker,5,989.08,2024-08-10,Africa,PayPal
961,1007,Smartwatch,3,862.25,2023-09-30,North America,Debit Card
962,1008,Bluetooth Speaker,3,145.26,2023-02-25,Africa,Cash
963,1006,Television,9,633.32,2022-11-15,North America,Debit Card
964,1007,Smartwatch,1,814.15,2023-04-27,Europe,Cash
965,1010,Fitness Tracker,7,133.73,2023-07-28,Asia,Debit Card
966,1006,Television,2,628.58,2023-06-18,South America,Cash
967,1010,Fitness Tracker,9,322.15,2023-03-20,Africa,Credit Card
968,1003,Headphones,8,467.02,2023-09-25,Europe,Gift Card
969,1005,Camera,4,81.93,2023-06-17,Africa,Gift Card
970,1009,Gaming Console,4,634.43,2023-06-26,North America,PayPal
971,1004,Tablet,1,976.86,2024-05-20,North America,PayPal
972,1007,Smartwatch,6,686.18,2024-08-20,South America,Gift Card
973,1004,Tablet,9,64.6,2023-07-28,North America,Credit Card
974,1009,Gaming Console,5,739.83,2023-05-11,Africa,Gift Card
975,1006,Television,6,965.12,2024-05-13,Asia,Debit Card
976,1010,Fitness Tracker,4,482.02,2024-07-14,South America,Gift Card
977,1001,Smartphone,5,216.28,2023-08-30,Africa,Credit Card
978,1009,Gaming Console,2,528.01,2023-04-20,Asia,Credit Card
979,1009,Gaming Console,5,882.31,2024-07-16,Africa,PayPal
980,1008,Bluetooth Speaker,7,585.01,2022-12-09,Europe,PayPal
981,1008,Bluetooth Speaker,8,901.7,2023-10-07,North America,Cash
982,1002,Laptop,5,114.18,2022-10-22,Europe,Debit Card
983,1006,Television,7,957.67,2024-05-10,Africa,Gift Card
984,1001,Smartphone,5,285.84,2023-11-29,North America,Cash
985,1006,Television,2,576.82,2022-11-16,Europe,Cash
986,1006,Television,6,257.64,2023-07-05,Africa,PayPal
987,1003,Headphones,4,524.05,2023-03-30,Europe,Debit Card
988,1004,Tablet,5,246.44,2024-02-23,Europe,Debit Card
989,1010,Fitness Tracker,6,198.2,2022-11-29,North America,Credit Card
990,1002,Laptop,8,633.14,2024-06-04,Africa,Credit Card
991,1008,Bluetooth Speaker,6,639.63,2024-02-25,South America,Gift Card
992,1005,Camera,8,223.73,2022-11-07,Africa,PayPal
993,1007,Smartwatch,4,762.66,2024-05-14,Europe,Credit Card
994,1009,Gaming Console,7,504.4,2022-10-31,Africa,Credit Card
995,1009,Gaming Console,6,424.03,2023-04-17,Europe,Cash
996,1002,Laptop,9,487.07,2023-03-10,North America,Credit Card
997,1004,Tablet,7,601.96,2024-07-19,Asia,PayPal
998,1010,Fitness Tracker,5,227.79,2022-10-22,Asia,Debit Card
999,1005,Camera,8,960.6,2024-02-01,Asia,PayPal
1000,1003,Headphones,8,452.75,2023-02-02,South America,PayPal
